Name,Last,High,Low,Chg.,Chg. %,Vol.,Time,Average Vol. (3m),Market Cap,Revenue,P/E Ratio,Beta,EPS
Ford Motor,10.4,10.53,10.28,+0.14,+1.36%,22.02M,2023-11-24,50.32M,41.63B,174.23B,6.78,1.69,1.5162241887905603
Bank of America,29.73,29.89,29.48,+0.10,+0.34%,15.75M,2023-11-24,44.36M,235.28B,96.77B,8.29,1.39,3.556091676718939
Petroleo Brasileiro Petrobras ADR,15.33,15.74,15.29,+0.03,+0.20%,15.48M,2023-11-24,18.40M,97.39B,536.32B,3.5,1.09,4.368571428571428
Alphabet A,136.69,138.13,135.99,-1.80,-1.30%,12.51M,2023-11-24,26.73M,1.72T,297.13B,26.38,1.05,5.155041698256255
Pfizer,30.5,30.7,30.38,+0.18,+0.59%,11.13M,2023-11-24,28.13M,172.22B,68.54B,16.44,0.579,1.8479318734793184
Macy’s Inc,14.87,15.02,14.6,+0.03,+0.20%,8.88M,2023-11-24,12.10M,4.07B,23.93B,6.04,1.94,2.4172185430463577
Nordstrom,15.05,15.19,14.39,+0.84,+5.91%,8.51M,2023-11-24,5.29M,2.44B,14.59B,20.37,2.44,0.7064310260186549
Cisco,48.36,48.4,48.05,+0.28,+0.58%,7.92M,2023-11-24,17.49M,196.51B,58.03B,14.53,0.964,3.3069511355815555
AGNC Invest,8.71,8.84,8.69,-0.08,-0.91%,7.59M,2023-11-24,15.50M,5.85B,386.00M,28.19,1.28,0.3082653423199716
CSX,32.64,32.64,32.38,+0.09,+0.28%,7.22M,2023-11-24,12.93M,64.5B,14.71B,17.24,1.2,1.878190255220418
PG E,18.02,18.02,17.92,+0.05,+0.28%,6.95M,2023-11-24,16.43M,35.96B,22.76B,19.85,1.15,0.9027707808564231
Kinross Gold,5.59,5.65,5.57,+0.040,+0.72%,6.03M,2023-11-24,11.99M,6.86B,4.20B,28.16,0.929,0.19779829545454547
Citigroup,45.23,45.52,44.84,+0.21,+0.47%,5.94M,2023-11-24,17.15M,86.56B,72.55B,7.11,1.55,6.306610407876231
General Motors,28.17,28.5,28.12,+0.07,+0.25%,5.86M,2023-11-24,14.86M,38.59B,171.97B,3.95,1.49,7.118987341772152
Comcast,42.58,42.73,42.4,+0.10,+0.24%,5.86M,2023-11-24,18.31M,171.39B,120.87B,11.78,1.06,3.5993208828522922
Southwestern Energy,6.83,6.9,6.69,+0.110,+1.64%,5.60M,2023-11-24,20.07M,7.52B,8.21B,1.45,1.4,4.613793103448276
Wells Fargo&Co,42.92,43.11,42.73,+0.14,+0.33%,5.29M,2023-11-24,15.38M,155.87B,76.49B,9.29,1.17,4.59956942949408
Bristol-Myers Squibb,49.76,49.91,49.47,+0.34,+0.69%,5.09M,2023-11-24,12.30M,101.25B,44.94B,12.5,0.35,3.9576
Baidu,123.4,124.83,120.93,+3.28,+2.73%,4.93M,2023-11-24,2.27M,43.14B,132.72B,13.9,0.726,8.700000000000001
HP Inc,28.64,28.83,28.44,-0.02,-0.07%,4.76M,2023-11-24,8.48M,28.3B,53.72B,8.69,1.05,3.272727272727273
Coca-Cola,58.57,58.75,58.33,+0.15,+0.26%,4.74M,2023-11-24,14.83M,253.22B,45.03B,23.47,0.592,2.485300383468257
Walmart,156.06,156.13,154.7,+1.39,+0.90%,4.66M,2023-11-24,6.09M,420.05B,638.79B,25.75,0.532,6.007766990291262
NextEra Energy,57.55,57.6,56.93,+0.08,+0.14%,4.63M,2023-11-24,14.72M,118.08B,27.40B,15.06,0.536,3.780212483399734
Marathon Oil,25.35,25.59,25.22,+0.11,+0.44%,4.53M,2023-11-24,10.21M,14.84B,6.45B,9.39,2.31,2.685835995740149
KeyCorp,12.04,12.15,11.92,+0.01,+0.08%,4.51M,2023-11-24,14.27M,11.27B,6.09B,9.79,1.27,1.2175689479060268
Occidental,60.16,60.84,59.99,-0.05,-0.08%,4.45M,2023-11-24,9.01M,52.8B,29.30B,13.13,1.73,4.568926123381569
Delta Air Lines,36.1,36.33,35.94,+0.15,+0.42%,4.39M,2023-11-24,9.50M,23.12B,57.26B,6.77,1.35,5.3087149187592315
Huntington Bancshares,10.88,10.95,10.82,0.01,0.09%,4.31M,2023-11-24,13.96M,15.76B,7.22B,7.06,1.13,1.5325779036827196
Under Armour A,7.68,7.75,7.58,+0.02,+0.26%,4.14M,2023-11-24,6.42M,3.29B,5.86B,7.99,1.7,0.948685857321652
Devon Energy,45.35,45.62,44.9,+0.19,+0.42%,4.05M,2023-11-24,8.85M,29.06B,14.93B,7.7,2.32,5.831168831168831
Kraft Heinz,34.94,35.03,34.72,+0.26,+0.75%,3.98M,2023-11-24,7.80M,42.86B,27.16B,14.39,0.691,2.412786657400973
Trip.com ADR,35.36,35.55,34.89,+0.43,+1.23%,3.96M,2023-11-24,4.04M,22.85B,39.21B,15.76,0.61,2.2138324873096447
Chevron,144.9,145.94,144.2,+0.57,+0.39%,3.86M,2023-11-24,9.06M,272.71B,202.70B,10.76,1.16,13.401486988847584
Sirius XM,4.93,4.94,4.85,+0.030,+0.61%,3.74M,2023-11-24,14.56M,18.93B,8.95B,15.02,1.04,0.3229027962716378
Qualcomm,127.75,128.23,127.56,+0.25,+0.20%,3.71M,2023-11-24,8.03M,142.19B,35.82B,19.79,1.22,6.445679636179889
Cemex ADR,6.72,6.85,6.68,-0.040,-0.59%,3.55M,2023-11-24,7.45M,10.08B,17.04B,19.09,1.12,0.3499214248297538
Freeport-McMoran,36.84,37.22,36.6,-0.05,-0.14%,3.54M,2023-11-24,9.82M,52.83B,22.71B,24.63,2.05,1.4859926918392206
JPMorgan,153.54,154.44,153.27,+0.21,+0.14%,3.50M,2023-11-24,8.91M,443.89B,142.43B,9.14,1.1,16.769146608315097
J&J,152.5,152.68,150.86,+1.68,+1.11%,3.35M,2023-11-24,7.31M,367.11B,98.66B,11.36,0.572,13.27992957746479
Medtronic,78.97,79.04,78.23,+0.60,+0.77%,3.31M,2023-11-24,6.60M,105.04B,31.96B,25.54,0.722,3.063038371182459
Keurig Dr Pepper,32.62,32.74,32.37,+0.21,+0.65%,3.28M,2023-11-24,8.40M,45.61B,14.75B,23.59,0.672,1.3721916066129716
First Horizon National,12.15,12.2,11.97,0.00,0.00%,3.19M,2023-11-24,6.79M,6.76B,3.07B,6.93,0.985,1.7272727272727275
Altria,41.47,41.48,41.28,+0.28,+0.68%,3.15M,2023-11-24,8.47M,73.35B,20.56B,8.43,0.692,4.896797153024911
United States Steel,34.85,35.03,34.53,+0.15,+0.43%,3.13M,2023-11-24,4.92M,7.77B,18.25B,6.89,2.09,5.011611030478956
Schlumberger,52.6,53.09,52.48,+0.08,+0.15%,3.08M,2023-11-24,8.06M,75.13B,32.02B,18.09,1.79,2.9010503040353783
Viatris,9.43,9.45,9.32,+0.06,+0.64%,3.07M,2023-11-24,8.80M,11.31B,15.47B,6.19,1.16,1.505654281098546
Gold Fields ADR,13.43,13.49,13.26,-0.230,-1.68%,3.06M,2023-11-24,4.31M,11.99B,4.32B,17.98,0.646,0.7374860956618464
Harmony Gold Mining,5.76,5.85,5.71,+0.030,+0.52%,2.92M,2023-11-24,4.22M,3.62B,49.28B,14.06,0.952,0.4061166429587482
Starbucks,102.78,103.6,102.46,-0.66,-0.64%,2.91M,2023-11-24,6.49M,116.83B,35.98B,28.49,0.976,3.5963495963495964
U.S. Bancorp,37.2,37.37,36.67,+0.37,+1.00%,2.80M,2023-11-24,11.73M,57.92B,24.60B,11.04,1.04,3.321557971014493
Infosys ADR,17.47,17.47,17.29,-0.11,-0.63%,2.74M,2023-11-24,6.84M,71.39B,18.55B,23.69,0.605,0.7298438159560996
Charles Schwab,56.43,56.47,55.79,+0.50,+0.89%,2.70M,2023-11-24,9.59M,102.85B,19.92B,18.44,0.94,3.0254880694143163
eBay,41.48,41.79,41.28,-0.16,-0.38%,2.59M,2023-11-24,5.82M,21.53B,10.06B,8.16,1.33,5.0588235294117645
Cleveland-Cliffs,16.78,16.94,16.64,-0.07,-0.42%,2.56M,2023-11-24,9.12M,8.47B,21.93B,25.34,2.18,0.6566692975532755
Exelon,39.19,39.24,38.74,+0.33,+0.85%,2.52M,2023-11-24,5.59M,39.01B,21.03B,18.24,0.638,2.1239035087719302
Regions Financial,16.05,16.14,15.96,0.01,0.06%,2.51M,2023-11-24,9.20M,14.93B,7.26B,8.0,1.24,1.995
Kroger,44.18,44.25,43.7,+0.36,+0.82%,2.41M,2023-11-24,4.66M,31.78B,148.04B,19.08,0.476,2.2903563941299794
Baker Hughes,33.89,34.16,33.59,+0.31,+0.92%,2.41M,2023-11-24,7.01M,34.1B,24.58B,20.32,1.45,1.6530511811023623
Morgan Stanley,78.65,78.91,78.04,+0.16,+0.20%,2.40M,2023-11-24,8.28M,129.09B,53.38B,13.92,1.38,5.606321839080461
NiSource,26.1,26.23,25.99,-0.09,-0.34%,2.35M,2023-11-24,5.86M,10.79B,5.79B,16.1,0.502,1.614285714285714
Broadcom,978.87,979.86,966.75,+6.87,+0.71%,2.32M,2023-11-24,2.28M,404.01B,35.45B,29.02,1.13,33.313232253618196
Halliburton,38.06,38.55,37.91,+0.17,+0.45%,2.27M,2023-11-24,6.47M,34.07B,22.86B,13.11,2.14,2.8916857360793284
ICICI Bank ADR,22.34,22.36,22.19,+0.22,+0.99%,2.25M,2023-11-24,4.30M,78.17B,1.31T,16.12,0.802,1.3765508684863523
Southwest Airlines,24.87,24.94,24.66,+0.16,+0.65%,2.24M,2023-11-24,7.12M,14.83B,25.44B,29.76,1.16,0.8286290322580645
CVS Health Corp,69.42,69.49,68.75,+0.28,+0.41%,2.20M,2023-11-24,7.15M,89.34B,346.60B,10.56,0.561,6.510416666666666
Procter&Gamble,151.38,151.74,151.03,+0.36,+0.24%,2.12M,2023-11-24,5.77M,356.79B,83.27B,23.92,0.459,6.313963210702341
TJX,89.97,90.6,89.55,+0.02,+0.02%,2.07M,2023-11-24,5.08M,102.93B,52.33B,25.41,0.914,3.5242030696576148
Edwards Lifesciences,67.9,67.91,67.0,+0.84,+1.25%,2.05M,2023-11-24,4.09M,41.18B,5.82B,28.76,1.02,2.329624478442281
Philip Morris,94.34,94.41,93.9,+0.52,+0.55%,2.03M,2023-11-24,4.16M,146.45B,34.28B,18.27,0.8,5.139573070607554
Applied Materials,150.34,150.66,149.33,+0.86,+0.58%,1.99M,2023-11-24,5.61M,125.76B,26.52B,18.42,1.59,8.106948968512487
Gilead,75.38,75.99,75.03,-0.32,-0.42%,1.90M,2023-11-24,5.48M,93.93B,27.39B,16.02,0.336,4.6835205992509366
Patterson-UTI Energy,11.97,12.16,11.895,+0.060,+0.50%,1.89M,2023-11-24,6.74M,4.99B,3.35B,9.7,2.43,1.2262886597938145
PPL,26.31,26.32,26.08,+0.07,+0.27%,1.87M,2023-11-24,6.09M,19.39B,8.57B,23.63,0.844,1.1036817604739737
Urban Outfitters,32.55,32.62,31.45,+0.73,+2.29%,1.87M,2023-11-24,1.68M,3.02B,5.05B,11.08,1.51,2.838447653429603
EQT,40.85,41.1,39.95,+0.53,+1.31%,1.87M,2023-11-24,4.83M,16.8B,6.18B,5.13,1.12,7.787524366471736
Teck Resources B,36.46,36.9,36.21,+0.08,+0.22%,1.86M,2023-11-24,3.44M,18.96B,14.04B,11.71,1.26,3.092228864218616
Target,131.46,131.47,129.76,+0.96,+0.74%,1.86M,2023-11-24,4.95M,60.69B,106.89B,16.62,1.04,7.80746089049338
Sempra Energy,73.67,73.78,72.88,+0.55,+0.75%,1.84M,2023-11-24,2.83M,46.36B,16.68B,17.05,0.748,4.2744868035190615
Coterra Energy,26.77,26.83,26.48,+0.10,+0.38%,1.83M,2023-11-24,6.13M,20.14B,6.39B,9.11,0.322,2.906695938529089
IBM,155.18,155.4,153.92,+0.05,+0.03%,1.80M,2023-11-24,3.96M,141.7B,61.17B,20.26,0.762,7.597235932872654
PepsiCo,169.37,170.02,168.95,+0.15,+0.09%,1.75M,2023-11-24,5.38M,235.62B,91.62B,28.15,0.576,6.00177619893428
Host Hotels Resorts,17.42,17.47,17.25,+0.03,+0.17%,1.74M,2023-11-24,6.67M,12.46B,5.26B,16.44,1.29,1.0492700729927007
Best Buy,69.51,69.69,67.8,+1.48,+2.18%,1.70M,2023-11-24,2.57M,15.13B,43.54B,11.7,1.55,5.794871794871795
Amyris,0.01,0.01,0.0,0.01,150.00%,1.70M,2023-11-24,1.57M,3.72M,268.22M,-0.01,1.3,-0.0
Dow,51.67,51.94,51.45,+0.27,+0.53%,1.68M,2023-11-24,4.01M,36.24B,45.86B,28.27,1.32,1.8199504775380264
Dominion Energy,46.96,47.13,46.35,+0.31,+0.66%,1.65M,2023-11-24,6.18M,39.3B,17.90B,23.92,0.53,1.9377090301003344
Tapestry,30.58,30.58,30.3,+0.19,+0.63%,1.65M,2023-11-24,3.54M,7.01B,6.67B,7.56,1.5,4.007936507936508
United Parcel Service,152.03,152.04,150.75,+1.28,+0.85%,1.64M,2023-11-24,3.58M,129.52B,93.07B,15.3,1.1,9.852941176470587
DISH Network,3.66,3.7,3.6,+0.01,+0.27%,1.63M,2023-11-24,9.60M,1.96B,15.62B,1.59,1.83,2.2641509433962264
Mitsubishi UFJ Financial ADR,8.53,8.57,8.49,+0.010,+0.12%,1.60M,2023-11-24,3.30M,101.84B,6.61T,8.41,0.748,1.009512485136742
Texas Instruments,153.59,154.43,153.16,-0.34,-0.22%,1.60M,2023-11-24,4.98M,139.49B,18.11B,19.73,1.0,7.762797769893563
Microchip,83.26,83.31,82.16,+0.80,+0.97%,1.59M,2023-11-24,4.51M,45.05B,8.94B,18.0,1.6,4.564444444444444
NetEase,115.41,115.43,112.36,-1.35,-1.16%,1.58M,2023-11-24,959.24K,72.18B,101.68B,20.32,0.568,5.529527559055118
General Electric,119.97,120.35,119.68,+0.37,+0.31%,1.58M,2023-11-24,4.58M,130.57B,83.81B,13.66,1.2,8.761346998535872
Dell Tech,74.44,75.05,74.17,-0.23,-0.31%,1.56M,2023-11-24,4.93M,53.83B,93.62B,28.33,0.902,2.618072714436993
Bank of NY Mellon,47.35,47.47,47.04,+0.13,+0.28%,1.55M,2023-11-24,4.74M,36.42B,17.05B,11.05,1.08,4.2570135746606335
Franklin Resources,23.82,23.98,23.76,-0.06,-0.25%,1.52M,2023-11-24,3.06M,11.78B,7.85B,13.85,1.37,1.7155234657039713
Bath & Body Works,30.03,30.19,29.68,+0.42,+1.42%,1.50M,2023-11-24,3.39M,6.83B,7.41B,9.29,1.83,3.1948331539289563
Johnson Controls,52.4,52.81,52.33,-0.32,-0.61%,1.49M,2023-11-24,4.30M,35.65B,26.61B,17.48,1.26,2.9937070938215102
AIG,65.21,65.72,65.02,+0.24,+0.37%,1.46M,2023-11-24,3.04M,45.78B,50.15B,11.59,1.05,5.610008628127696
Nov,19.07,19.32,19.02,+0.12,+0.63%,1.45M,2023-11-24,3.46M,7.51B,8.31B,15.09,1.89,1.2604373757455267
APA Corp,36.88,37.07,36.47,+0.32,+0.88%,1.44M,2023-11-24,3.72M,11.31B,8.44B,7.48,3.5,4.87566844919786
Western Union,12.06,12.11,11.86,+0.12,+1.00%,1.42M,2023-11-24,4.64M,4.39B,4.40B,6.08,0.848,1.950657894736842
Cognizant A,71.17,71.5,70.93,+0.29,+0.41%,1.41M,2023-11-24,2.98M,35.69B,19.43B,17.32,1.08,4.09526558891455
Mosaic,36.41,36.94,36.1,+0.40,+1.11%,1.38M,2023-11-24,3.74M,11.9B,15.03B,9.22,1.57,3.915401301518438
MGM,40.22,40.36,39.84,-0.13,-0.32%,1.36M,2023-11-24,4.86M,13.74B,15.33B,13.41,2.18,2.970917225950783
Xcel Energy,60.52,60.59,60.04,+0.09,+0.15%,1.36M,2023-11-24,4.30M,33.4B,14.82B,19.13,0.443,3.1385258755880816
EOG Resources,123.5,124.17,122.57,+0.33,+0.27%,1.32M,2023-11-24,2.84M,72.02B,23.73B,9.11,1.51,13.454445664105378
UBS Group,26.33,26.49,26.32,+0.24,+0.92%,1.31M,2023-11-24,3.11M,85.37B,36.91B,2.68,0.996,9.82089552238806
Lowe’s,199.07,199.41,196.23,+0.59,+0.30%,1.31M,2023-11-24,2.72M,114.47B,90.22B,15.36,1.06,12.775390625
Conagra Brands,28.49,28.56,28.29,+0.16,+0.56%,1.29M,2023-11-24,4.30M,13.62B,12.28B,12.58,0.596,2.2488076311605725
Deere&Company,370.19,371.39,366.84,-0.57,-0.15%,1.28M,2023-11-24,1.46M,106.61B,61.25B,10.71,1.08,34.25210084033613
Danaher,221.41,222.38,220.59,+0.11,+0.05%,1.28M,2023-11-24,3.02M,163.61B,29.57B,27.66,0.831,7.9750542299349245
Berkshire Hathaway B,362.68,363.19,361.24,+0.88,+0.24%,1.28M,2023-11-24,3.12M,788.7B,349.25B,10.41,0.873,34.70124879923151
General Mills,65.18,65.19,64.63,+0.31,+0.48%,1.26M,2023-11-24,4.55M,37.89B,20.28B,15.71,0.258,4.113940165499681
CenterPoint Energy,27.93,27.93,27.68,+0.14,+0.50%,1.26M,2023-11-24,4.55M,17.63B,9.23B,22.1,0.907,1.2524886877828054
Home Depot,310.7,311.38,308.31,+1.50,+0.49%,1.26M,2023-11-24,2.89M,309.23B,153.71B,19.94,0.936,15.461885656970912
Marathon Petroleum,149.5,151.51,149.36,+0.29,+0.19%,1.26M,2023-11-24,3.18M,56.76B,152.73B,5.63,1.56,26.529307282415633
Nomura ADR,4.09,4.12,4.09,-0.060,-1.45%,1.24M,2023-11-24,6.68M,12.2B,1.43T,14.37,0.731,0.28462073764787754
Agilent Technologies,126.62,126.77,123.48,+2.63,+2.12%,1.23M,2023-11-24,2.04M,36.99B,6.83B,29.89,1.04,4.131147540983607
McDonald’s,282.54,282.59,281.03,+0.61,+0.22%,1.22M,2023-11-24,2.96M,204.94B,25.01B,24.66,0.699,11.39618815896188
DTE Energy,105.37,105.93,104.64,+0.71,+0.68%,1.22M,2023-11-24,1.50M,21.73B,13.83B,17.42,0.646,6.006888633754305
Public Service Enterprise,65.09,65.18,64.57,+0.44,+0.68%,1.20M,2023-11-24,2.64M,32.44B,11.77B,11.55,0.62,5.590476190476189
Valero Energy,124.96,127.2,124.58,-0.40,-0.32%,1.20M,2023-11-24,3.55M,42.54B,145.46B,4.25,1.55,29.312941176470588
Hormel Foods,32.72,32.91,32.62,+0.13,+0.40%,1.19M,2023-11-24,3.09M,17.88B,12.20B,20.32,0.243,1.605314960629921
Archer-Daniels-Midland,74.3,75.33,74.11,-0.03,-0.04%,1.17M,2023-11-24,2.86M,39.63B,96.90B,10.33,0.83,7.1742497579864475
Emerson,88.51,88.97,88.31,-0.33,-0.37%,1.14M,2023-11-24,2.99M,50.46B,15.17B,3.84,1.38,22.997395833333336
American Electric Power,78.5,78.5,77.83,+0.25,+0.32%,1.14M,2023-11-24,3.35M,41.28B,19.29B,17.86,0.496,4.3577827547592385
Agnico Eagle Mines,49.82,50.15,49.58,+0.24,+0.48%,1.14M,2023-11-24,2.45M,24.71B,6.25B,9.46,0.88,5.241014799154334
UnitedHealth,547.1,547.59,542.81,+3.34,+0.61%,1.13M,2023-11-24,2.69M,506.03B,359.98B,23.75,0.637,22.85515789473684
Analog Devices,183.05,183.39,182.21,+0.38,+0.21%,1.12M,2023-11-24,3.22M,90.84B,12.31B,27.71,1.17,6.575604474918802
Southern,69.61,69.82,69.31,+0.02,+0.03%,1.12M,2023-11-24,4.30M,75.92B,26.26B,25.02,0.552,2.770183852917666
Fiserv,125.8,126.27,125.48,+0.35,+0.28%,1.11M,2023-11-24,2.63M,75.5B,18.81B,26.27,0.898,4.776551199086411
Kimco Realty,18.71,18.83,18.62,-0.04,-0.21%,1.11M,2023-11-24,4.92M,11.61B,1.77B,26.44,1.48,0.7042360060514372
Honeywell,193.41,193.71,192.41,+1.10,+0.57%,1.07M,2023-11-24,2.66M,127.51B,36.41B,23.81,1.05,8.081058378832424
IPG,30.62,30.69,30.3,+0.15,+0.49%,1.05M,2023-11-24,3.71M,11.73B,9.36B,12.59,1.17,2.406671961874504
ONEOK,67.32,67.39,66.64,+0.66,+0.99%,1.05M,2023-11-24,5.03M,39.22B,17.47B,12.33,1.66,5.40470397404704
Union Pacific,224.28,224.99,223.13,+0.79,+0.35%,1.04M,2023-11-24,2.35M,136.72B,24.14B,21.55,1.12,10.354060324825985
Dollar Tree,117.32,117.64,115.03,+1.75,+1.51%,1.04M,2023-11-24,2.36M,25.81B,29.31B,21.23,0.686,5.418276024493641
SSR Mining,11.32,11.4,11.24,+0.06,+0.53%,1.03M,2023-11-24,1.30M,2.29B,1.31B,10.85,0.942,1.0359447004608295
Fifth Third,27.25,27.42,27.05,+0.06,+0.22%,1.00M,2023-11-24,5.21M,18.56B,8.23B,7.71,1.25,3.5084306095979247
Caterpillar,247.36,248.9,246.7,+1.35,+0.55%,981.57K,2023-11-24,2.69M,125.93B,66.59B,13.97,1.08,17.659269863994272
Flex,26.37,26.37,26.08,+0.05,+0.19%,966.65K,2023-11-24,3.73M,11.43B,30.04B,15.0,1.3,1.7386666666666666
Eversource Energy,59.26,59.61,58.95,-0.27,-0.45%,946.55K,2023-11-24,2.81M,20.7B,12.25B,17.73,0.561,3.3248730964467006
American Express,164.42,165.22,163.97,+0.63,+0.38%,936.61K,2023-11-24,2.97M,119.82B,54.38B,15.41,1.21,10.640493186242699
O-I Glass,14.88,14.95,14.79,+0.07,+0.47%,927.07K,2023-11-24,1.45M,2.3B,7.16B,6.04,1.38,2.4486754966887414
Juniper,27.33,27.33,27.0,+0.29,+1.07%,918.84K,2023-11-24,3.18M,8.71B,5.65B,23.9,0.932,1.1297071129707115
Kellanova,53.47,53.51,53.0,+0.49,+0.92%,913.71K,2023-11-24,2.83M,18.31B,15.87B,22.13,0.435,2.3949389968368733
Aflac,82.94,83.45,82.49,+0.51,+0.62%,895.08K,2023-11-24,2.31M,48.47B,19.23B,11.51,0.893,7.1668114682884445
Nasdaq Inc,55.3,55.4,55.01,+0.17,+0.31%,879.51K,2023-11-24,2.25M,31.91B,6.00B,24.56,0.947,2.2398208469055376
CMS Energy,57.59,57.59,56.96,+0.52,+0.91%,858.23K,2023-11-24,2.60M,16.8B,7.79B,22.57,0.392,2.523704031900753
CNX Resources,21.21,21.44,21.1,-0.02,-0.09%,853.16K,2023-11-24,2.48M,3.82B,1.97B,1.5,1.42,14.066666666666668
Ross Stores,131.09,131.99,130.42,+0.11,+0.08%,852.08K,2023-11-24,2.24M,44.39B,19.57B,26.0,1.0,5.016153846153846
NXP,200.12,200.77,198.48,+0.54,+0.27%,834.98K,2023-11-24,2.05M,51.58B,13.17B,18.41,1.57,10.78109722976643
State Street,70.38,70.56,69.7,+0.50,+0.72%,797.72K,2023-11-24,1.92M,21.72B,12.02B,10.05,1.55,6.935323383084577
Cresud SACIF,8.94,9.44,8.92,-0.070,-0.78%,796.30K,2023-11-24,177.44K,1.74B,186.77B,5.68,1.23,1.5704225352112677
ICE,114.39,114.76,113.77,+0.07,+0.06%,795.91K,2023-11-24,2.47M,65.47B,7.56B,26.44,0.985,4.302950075642965
Wipro ADR,4.7,4.71,4.67,-0.050,-1.05%,794.21K,2023-11-24,1.50M,24.78B,917.66B,18.47,0.698,0.25284244721169463
Banc of California,12.38,12.49,12.24,-0.06,-0.48%,782.24K,2023-11-24,1.69M,711.16M,344.30M,7.06,1.25,1.7337110481586404
Chubb,227.04,228.96,226.45,+0.37,+0.16%,768.09K,2023-11-24,1.70M,92.63B,48.26B,13.24,0.616,17.10347432024169
Simon Property,120.84,121.5,119.96,-0.26,-0.21%,767.56K,2023-11-24,1.52M,45.34B,5.53B,17.93,1.61,6.690462911321807
HDFC Bank ADR,59.5,59.53,58.97,+0.86,+1.47%,736.30K,2023-11-24,2.12M,139.54B,1.57T,17.09,0.716,3.4505558806319483
DuPont De Nemours,71.52,71.74,71.03,+0.21,+0.29%,725.92K,2023-11-24,2.43M,30.76B,12.27B,7.07,1.19,10.046676096181047
Expedia,136.42,137.16,134.82,-0.47,-0.34%,723.24K,2023-11-24,2.29M,18.94B,12.57B,24.21,1.67,5.568773234200743
Abercrombie&Fitch,73.31,74.0,72.13,+0.50,+0.69%,714.92K,2023-11-24,1.64M,3.69B,4.03B,18.74,1.43,3.8489861259338314
Campbell Soup,41.15,41.22,40.96,+0.19,+0.46%,711.07K,2023-11-24,2.87M,12.25B,9.36B,14.32,0.347,2.8603351955307263
Marriott Int,208.93,210.43,208.65,-1.02,-0.49%,702.03K,2023-11-24,1.64M,61.36B,6.13B,22.11,1.58,9.436906377204885
Sealed Air,33.54,33.75,32.93,+0.50,+1.51%,698.47K,2023-11-24,1.90M,4.84B,5.52B,15.44,1.28,2.1327720207253886
Marsh McLennan,200.93,201.96,200.76,+0.76,+0.38%,697.75K,2023-11-24,1.47M,99.07B,22.20B,28.66,0.958,7.004884856943475
WEC Energy,81.6,81.72,80.96,+0.12,+0.15%,692.02K,2023-11-24,1.76M,25.74B,9.23B,18.86,0.437,4.292682926829268
Pioneer Natural,237.69,239.54,235.66,+1.44,+0.61%,689.68K,2023-11-24,2.80M,55.46B,19.47B,10.98,1.41,21.462659380692166
DR Horton,127.48,127.65,126.67,+0.46,+0.36%,669.82K,2023-11-24,2.56M,42.47B,35.46B,9.14,1.54,13.858862144420131
Amgen,265.46,266.1,264.89,+0.87,+0.33%,661.92K,2023-11-24,2.40M,142.07B,26.83B,18.78,0.582,14.104898828541
T Rowe,98.28,98.28,97.42,+0.52,+0.53%,660.19K,2023-11-24,1.35M,21.96B,6.34B,13.91,1.32,7.003594536304817
Prudential Financial,95.74,96.32,95.15,+0.62,+0.65%,657.56K,2023-11-24,1.41M,34.59B,51.53B,26.84,1.39,3.545081967213115
Hershey Co,191.68,192.71,189.81,+0.07,+0.04%,650.00K,2023-11-24,1.41M,39.2B,11.16B,20.5,0.351,9.259024390243903
Ameren,77.17,77.36,76.55,+0.17,+0.22%,646.31K,2023-11-24,1.62M,20.29B,7.64B,17.46,0.487,4.38430698739977
PNC Financial,128.7,129.21,127.15,+0.75,+0.59%,640.82K,2023-11-24,2.09M,51.27B,20.97B,8.95,1.12,14.206703910614527
Range Resources,33.46,33.86,33.02,+0.02,+0.06%,635.11K,2023-11-24,2.60M,8.07B,3.09B,5.97,2.1,5.530988274706869
Kimberly-Clark,122.43,122.7,121.71,+0.11,+0.09%,613.73K,2023-11-24,1.72M,41.37B,20.43B,23.35,0.395,5.212419700214133
America Movil ADR,18.08,18.14,17.62,+0.45,+2.55%,613.33K,2023-11-24,2.36M,56.04B,831.26B,11.63,0.285,1.5150472914875321
PulteGroup,88.1,88.17,87.24,+0.16,+0.18%,613.29K,2023-11-24,2.31M,18.99B,17.07B,7.15,1.44,12.2013986013986
Harley-Davidson,30.5,30.71,30.16,+0.32,+1.06%,607.24K,2023-11-24,1.36M,4.25B,5.93B,6.11,1.42,4.9361702127659575
Norfolk Southern,215.86,216.11,213.4,+1.95,+0.91%,606.05K,2023-11-24,1.23M,48.81B,12.32B,23.55,1.29,9.061571125265393
RPC,7.41,7.44,7.3,+0.090,+1.23%,586.48K,2023-11-24,1.36M,1.58B,1.70B,6.6,1.79,1.1060606060606062
Coca-Cola European,61.24,61.51,61.03,+0.23,+0.38%,580.50K,2023-11-24,1.24M,28.10B,18.02B,15.13,0.685,4.033707865168539
Zions,34.35,34.78,34.13,-0.06,-0.17%,579.84K,2023-11-24,2.77M,5.09B,3.08B,6.33,1.15,5.391785150078989
Amkor,27.68,28.08,27.58,-0.05,-0.18%,568.73K,2023-11-24,1.20M,6.8B,6.66B,16.86,1.85,1.6358244365361803
Loews,69.3,69.37,68.57,+0.80,+1.17%,563.84K,2023-11-24,772.41K,15.47B,15.44B,10.42,0.804,6.580614203454894
Pinnacle West,73.26,73.98,72.91,-0.39,-0.53%,559.47K,2023-11-24,825.44K,8.31B,4.71B,17.39,0.51,4.192639447958596
Yum! Brands,128.51,129.08,127.84,-0.43,-0.33%,555.56K,2023-11-24,1.51M,36.02B,7.06B,23.97,1.04,5.333333333333334
McCormick&Co,66.44,66.97,65.82,+0.29,+0.44%,553.49K,2023-11-24,2.06M,17.85B,6.61B,28.12,0.661,2.340682788051209
Cencora Inc,201.2,201.48,199.48,+1.52,+0.76%,546.16K,2023-11-24,1.30M,40.06B,262.17B,23.29,0.536,8.5650493774152
Honda Motor ADR,31.63,31.7,31.45,+0.41,+1.31%,545.87K,2023-11-24,1.05M,51.49B,18.43T,8.44,0.707,3.726303317535545
Ryanair ADR,117.46,118.01,116.08,-0.07,-0.06%,542.58K,2023-11-24,455.54K,21.59B,12.73B,8.68,1.45,13.373271889400922
Ebix,4.65,4.79,4.58,+0.05,+1.09%,537.25K,2023-11-24,2.01M,143.69M,735.63M,28.94,2.62,0.15825846579129232
Southern Copper,74.21,75.07,73.95,-1.02,-1.36%,533.42K,2023-11-24,908.58K,57.37B,10.42B,19.95,1.29,3.7067669172932334
Columbia Banking,21.99,22.0,21.72,+0.11,+0.50%,528.69K,2023-11-24,1.51M,4.59B,1.63B,11.32,0.928,1.9187279151943462
Jacobs Engineering,123.2,124.17,122.93,-0.76,-0.61%,526.13K,2023-11-24,667.45K,15.55B,16.35B,23.34,0.826,5.266923736075407
Builders FirstSource,134.6,135.34,132.58,+1.12,+0.84%,524.56K,2023-11-24,1.55M,16.62B,17.30B,11.41,2.04,11.619631901840492
Capital One Financial,106.57,107.36,106.23,-0.20,-0.19%,524.05K,2023-11-24,2.26M,40.59B,26.34B,7.98,1.47,13.31203007518797
CME Group,217.19,217.63,215.88,+0.84,+0.39%,522.19K,2023-11-24,1.39M,78.19B,5.34B,25.86,0.459,8.348027842227378
H&R Block,47.16,47.18,46.84,+0.38,+0.81%,512.87K,2023-11-24,1.38M,6.79B,3.48B,12.75,0.645,3.6737254901960785
Option Care Health,30.2,30.45,30.05,+0.04,+0.13%,508.63K,2023-11-24,1.76M,5.35B,4.21B,21.07,1.31,1.4261983863312766
Expeditors Washington,118.21,118.58,117.46,+0.16,+0.14%,506.91K,2023-11-24,1.19M,17.17B,10.46B,22.08,1.0,5.319746376811595
Genworth,5.89,5.94,5.88,-0.010,-0.17%,506.61K,2023-11-24,2.69M,2.66B,7.46B,7.82,1.02,0.7519181585677749
PACCAR,92.0,92.01,91.12,+0.76,+0.83%,499.80K,2023-11-24,2.25M,48.12B,34.18B,11.7,0.916,7.788034188034189
FMC,53.09,53.89,52.88,-0.03,-0.06%,497.70K,2023-11-24,1.99M,6.62B,4.96B,13.44,0.897,3.9345238095238098
Essential Utilities,35.33,35.33,34.87,+0.37,+1.06%,490.11K,2023-11-24,1.45M,9.65B,2.28B,19.46,0.768,1.791880781089414
SLM,14.38,14.44,14.27,+0.02,+0.14%,485.35K,2023-11-24,2.00M,3.25B,1.08B,10.67,1.23,1.337394564198688
L3Harris Technologies,191.01,191.01,188.05,+3.18,+1.69%,482.32K,2023-11-24,1.32M,36.2B,18.66B,24.38,0.685,7.713289581624283
MGIC Investment,17.66,17.68,17.6,+0.10,+0.57%,477.18K,2023-11-24,1.68M,4.9B,1.16B,7.09,1.29,2.4823695345557124
Associated Banc-Corp,17.73,17.8,17.57,+0.05,+0.28%,474.33K,2023-11-24,1.72M,2.63B,1.24B,7.18,1.01,2.4470752089136494
Hartford,78.15,78.67,77.68,+0.40,+0.51%,470.26K,2023-11-24,1.47M,23.51B,24.17B,10.58,0.829,7.342155009451797
Alkermes Plc,24.39,24.74,24.36,0.01,0.04%,468.78K,2023-11-24,1.86M,4.07B,1.59B,18.76,0.623,1.298507462686567
NetApp,78.34,78.36,77.73,+0.35,+0.45%,466.02K,2023-11-24,1.55M,16.36B,6.20B,13.9,1.2,5.592086330935252
Gentex,31.23,31.27,31.03,+0.17,+0.55%,460.75K,2023-11-24,1.48M,7.28B,2.20B,18.28,0.971,1.697483588621444
Goldman Sachs,339.15,340.27,337.64,+0.51,+0.15%,460.10K,2023-11-24,1.88M,116.48B,44.11B,16.26,1.43,20.765067650676503
Dynavax,13.56,13.7,13.49,+0.080,+0.59%,458.16K,2023-11-24,1.50M,1.75B,361.18M,28.52,1.44,0.4730014025245442
Unum,43.17,43.43,42.93,+0.44,+1.03%,456.97K,2023-11-24,1.32M,8.42B,12.25B,7.44,1.05,5.77016129032258
FedEx,257.61,259.21,256.46,+1.15,+0.45%,447.34K,2023-11-24,1.75M,64.77B,88.59B,15.63,1.36,16.40818937939859
Crocs,94.59,94.86,93.39,+0.89,+0.95%,437.52K,2023-11-24,1.38M,5.73B,3.95B,8.59,1.93,10.871944121071014
Performance Shipping,2.3,2.36,2.12,+0.1800,+8.49%,437.37K,2023-11-24,513.53K,27.95M,110.88M,0.35,0.346,6.057142857142858
Nucor,157.16,157.99,155.72,-0.24,-0.15%,434.99K,2023-11-24,1.32M,38.64B,35.73B,7.93,1.66,19.636822194199244
Lennar,127.63,128.01,126.77,+0.20,+0.16%,426.92K,2023-11-24,2.09M,35.92B,33.44B,8.67,1.48,14.621683967704728
Edison,65.85,65.88,65.42,-0.05,-0.08%,419.24K,2023-11-24,1.98M,25.26B,16.65B,20.36,0.874,3.2131630648330063
AvalonBay,173.37,173.37,171.53,+0.85,+0.49%,414.80K,2023-11-24,683.88K,24.59B,2.71B,26.29,0.961,6.524534043362496
Steel Dynamics,111.5,112.97,111.14,-1.20,-1.06%,406.65K,2023-11-24,1.28M,18.04B,19.39B,7.12,1.48,15.609550561797752
Principal Financial,72.65,72.89,72.16,+0.40,+0.55%,402.15K,2023-11-24,1.16M,17.32B,14.08B,11.49,1.27,6.280243690165361
Comerica,43.76,44.14,43.41,+0.13,+0.30%,400.45K,2023-11-24,1.98M,5.77B,3.72B,4.94,1.27,8.78744939271255
Darden Restaurants,156.01,157.25,155.37,-0.46,-0.29%,399.40K,2023-11-24,1.09M,18.77B,10.77B,19.28,1.25,8.058609958506224
Air Products,274.5,276.65,274.5,+0.23,+0.08%,398.53K,2023-11-24,925.18K,61B,12.60B,26.6,0.867,10.31954887218045
Biogen,231.95,232.47,229.37,+0.70,+0.30%,396.39K,2023-11-24,929.83K,33.61B,9.99B,22.83,0.096,10.046868155935174
Genuine Parts,137.4,138.41,137.4,-0.37,-0.27%,389.40K,2023-11-24,959.96K,19.26B,23.03B,15.51,0.952,8.85880077369439
Jabil Circuit,131.17,131.25,130.1,+0.67,+0.51%,389.21K,2023-11-24,1.65M,16.78B,34.70B,21.25,1.4,6.12235294117647
Ferroglobe,4.98,5.025,4.89,+0.040,+0.81%,386.56K,2023-11-24,941.81K,933.42M,1.72B,9.6,2.18,0.509375
StealthGas,6.85,6.97,6.71,+0.160,+2.39%,386.15K,2023-11-24,238.92K,241.87M,152.12M,5.12,0.959,1.310546875
Quest Diagnostics,135.54,135.89,134.84,-0.21,-0.15%,379.40K,2023-11-24,890.57K,15.24B,9.30B,20.04,0.906,6.7285429141716575
Masco,59.19,59.44,59.01,-0.09,-0.15%,377.63K,2023-11-24,1.76M,13.28B,8.01B,16.1,1.2,3.6652173913043473
Magna Intl,54.73,55.08,54.23,+0.38,+0.70%,375.71K,2023-11-24,1.09M,15.65B,41.91B,15.12,1.69,3.5866402116402116
Brookline Bancorp,9.42,9.5,9.28,+0.07,+0.75%,373.75K,2023-11-24,417.13K,829.76M,328.99M,9.79,0.728,0.947906026557712
Eastman Chemical,81.89,82.31,81.41,+0.46,+0.56%,373.70K,2023-11-24,874.95K,9.71B,9.38B,16.66,1.5,4.886554621848739
Mizuho Financial ADR,3.44,3.45,3.42,-0.010,-0.29%,373.17K,2023-11-24,593.51K,42.96B,2.88T,10.03,0.561,0.34097706879361916
Entergy,101.1,101.46,100.5,-0.09,-0.09%,372.14K,2023-11-24,1.62M,21.38B,12.70B,14.38,0.676,6.988873435326842
Canadian Solar Inc,20.88,21.13,20.76,-0.10,-0.48%,369.74K,2023-11-24,1.19M,1.35B,7.88B,3.86,1.48,5.378238341968912
Fulton,14.13,14.18,14.0,+0.05,+0.36%,368.31K,2023-11-24,1.16M,2.32B,1.03B,7.98,0.813,1.7543859649122806
Sherwin-Williams,275.83,276.81,274.85,+1.18,+0.43%,364.94K,2023-11-24,1.37M,70.6B,23.03B,29.17,1.07,9.422351731230716
Helmerich Payne,37.61,38.31,37.53,+0.08,+0.21%,364.82K,2023-11-24,1.27M,3.74B,2.87B,9.07,1.69,4.137816979051819
Leggett&Platt,23.34,23.41,23.11,+0.17,+0.73%,356.13K,2023-11-24,1.28M,3.11B,4.81B,14.84,1.28,1.557277628032345
PPG Industries,136.45,137.17,135.84,-0.19,-0.14%,355.91K,2023-11-24,1.40M,32.17B,18.08B,22.77,1.21,5.96574440052701
Cracker Barrel Old,78.34,79.0,77.34,+1.12,+1.45%,353.27K,2023-11-24,563.85K,1.74B,3.44B,17.41,1.47,4.442274554853532
F5 Networks,168.09,169.01,166.79,+1.02,+0.61%,349.61K,2023-11-24,449.86K,10.04B,2.81B,25.51,1.03,6.5382203057624455
ATI Inc,44.14,44.24,43.6,+0.42,+0.96%,344.36K,2023-11-24,1.05M,5.63B,4.12B,19.03,1.27,2.2911192853389384
Sony ADR,86.66,86.78,86.03,-0.93,-1.06%,342.18K,2023-11-24,692.31K,105.83B,12.48T,19.5,0.901,4.411794871794872
Flowserve,38.2,38.31,37.82,+0.26,+0.69%,334.56K,2023-11-24,1.02M,5.01B,4.19B,20.35,1.56,1.8584766584766583
Carter’s,67.7,68.39,67.56,-0.44,-0.65%,325.84K,2023-11-24,682.23K,2.49B,3.00B,12.35,1.3,5.470445344129555
Rockwell Automation,273.0,274.09,272.03,+0.20,+0.07%,315.33K,2023-11-24,870.27K,31.31B,9.06B,22.72,1.46,11.973151408450704
Discover,86.77,87.1,86.32,+0.30,+0.35%,314.56K,2023-11-24,2.18M,21.7B,10.44B,6.38,1.43,13.529780564263323
Humana,518.26,520.79,514.45,+2.66,+0.52%,312.00K,2023-11-24,1.00M,63.8B,102.35B,21.54,0.614,23.883472609099353
Synovus,29.9,30.15,29.76,-0.03,-0.10%,306.53K,2023-11-24,1.40M,4.37B,2.16B,6.76,1.38,4.402366863905326
Elevance Health,478.28,481.97,477.87,-1.69,-0.35%,303.73K,2023-11-24,1.06M,112.48B,168.63B,18.53,0.851,25.78899082568807
Public Storage,255.03,255.25,251.49,+0.31,+0.12%,297.76K,2023-11-24,853.19K,44.97B,4.48B,23.26,0.497,10.812123817712811
KLA Corp,555.64,557.22,551.47,+1.47,+0.27%,296.61K,2023-11-24,936.68K,75.75B,10.17B,24.78,1.34,22.254640839386603
Lam Research,717.5,722.13,715.0,+0.04,+0.01%,294.18K,2023-11-24,1.02M,94.56B,15.84B,24.36,1.52,29.351395730706077
KB Home,53.07,53.18,52.71,+0.05,+0.09%,291.81K,2023-11-24,1.29M,4.21B,6.68B,6.71,1.65,7.855439642324888
Ralph Lauren A,124.54,124.56,122.88,+1.87,+1.52%,288.52K,2023-11-24,759.12K,8.05B,6.50B,15.49,1.43,7.932859909619109
Autoliv,102.47,103.6,102.28,+0.80,+0.79%,287.98K,2023-11-24,900.35K,8.62B,10.06B,21.18,1.75,4.829084041548631
Check Point Software,145.54,145.61,144.04,+2.11,+1.47%,287.29K,2023-11-24,817.44K,17.03B,2.39B,19.88,0.636,7.245472837022133
Illinois Tool Works,241.85,241.85,240.26,+1.15,+0.48%,284.80K,2023-11-24,1.07M,72.77B,16.10B,23.33,1.15,10.298328332618945
Daktronics,12.17,12.23,11.88,+0.260,+2.18%,284.58K,2023-11-24,480.21K,556.37M,814.81M,17.58,1.19,0.6757679180887373
The Cheesecake,32.51,32.69,32.21,-0.13,-0.40%,284.52K,2023-11-24,861.79K,1.65B,3.46B,18.38,1.47,1.7524483133841133
Cummins,225.49,226.29,223.52,+0.98,+0.44%,283.92K,2023-11-24,773.90K,31.96B,33.29B,11.41,1.07,19.58983347940403
CVB Financial,17.85,17.98,17.67,-0.05,-0.28%,281.65K,2023-11-24,981.43K,2.49B,549.56M,10.36,0.457,1.7055984555984558
BlackRock,730.1,730.74,726.64,+2.96,+0.41%,279.62K,2023-11-24,619.01K,108.61B,17.57B,20.23,1.29,35.91893227879387
Roper Technologies,525.59,528.61,524.7,-2.89,-0.55%,278.34K,2023-11-24,331.11K,56.14B,6.00B,19.14,1.02,27.413793103448278
Veradigm,12.48,12.51,12.21,+0.24,+1.96%,275.83K,2023-11-24,882.71K,1.36B,1.53B,25.05,0.931,0.4874251497005988
Brunswick,78.28,78.77,77.5,+0.22,+0.28%,275.08K,2023-11-24,723.98K,5.39B,6.62B,3.49,1.5,22.206303724928365
Waters,280.39,280.87,275.4,+4.06,+1.47%,264.14K,2023-11-24,520.83K,16.58B,3.00B,25.3,0.898,10.885375494071145
ExlServices,28.25,28.35,28.09,+0.09,+0.32%,260.90K,2023-11-24,1.05M,4.66B,1.59B,26.64,0.99,1.0544294294294294
Rambus,67.48,68.13,67.3,-0.03,-0.04%,260.09K,2023-11-24,1.25M,7.25B,461.26M,25.19,1.22,2.671695117109964
Cal-Maine,47.92,47.92,47.12,+0.60,+1.27%,256.99K,2023-11-24,824.89K,2.35B,2.95B,3.66,-0.098,12.87431693989071
Aon,330.02,331.37,327.66,+1.04,+0.32%,250.47K,2023-11-24,739.07K,66.08B,13.13B,24.98,0.927,13.116893514811851
Halozyme,40.38,40.9,40.11,+0.27,+0.67%,247.06K,2023-11-24,867.53K,5.33B,780.71M,21.23,1.24,1.8893075836081017
Charter Communications,405.92,407.46,405.22,+0.64,+0.16%,242.74K,2023-11-24,1.04M,67.43B,54.57B,13.07,1.14,31.003825554705433
Commerce Bancshares,50.45,50.49,49.82,+0.64,+1.28%,241.43K,2023-11-24,568.01K,6.27B,1.54B,12.63,0.766,3.944576405384006
Axcelis,128.36,129.45,126.7,+0.23,+0.18%,235.40K,2023-11-24,579.90K,4.2B,1.09B,18.15,1.79,6.980716253443527
Henry Schein,69.67,69.8,69.05,+0.27,+0.39%,227.25K,2023-11-24,999.71K,9.1B,12.69B,20.61,0.841,3.3503153808830666
Laboratory America,212.72,212.8,210.61,+1.12,+0.53%,215.86K,2023-11-24,787.25K,18.06B,15.07B,28.3,1.05,7.442049469964664
Toyota Motor ADR,188.3,188.5,187.17,+4.07,+2.21%,213.81K,2023-11-24,311.42K,253.23B,41.43T,9.83,0.518,19.040691759918616
Ashland Global,79.27,79.69,78.02,+1.20,+1.54%,212.38K,2023-11-24,468.85K,4.06B,2.19B,23.7,0.971,3.2919831223628693
Weatherford,93.56,94.52,92.69,+1.03,+1.11%,212.32K,2023-11-24,1.01M,6.75B,4.98B,19.25,2.04,4.815064935064935
Terex,49.94,50.33,49.48,+0.39,+0.79%,211.33K,2023-11-24,906.76K,3.36B,5.15B,7.11,1.68,6.959212376933896
Ameriprise Financial,351.42,353.48,348.62,+0.90,+0.26%,211.29K,2023-11-24,452.48K,35.56B,15.66B,16.82,1.45,20.72651605231867
Denny’s,9.68,9.79,9.6,-0.06,-0.62%,209.39K,2023-11-24,658.26K,513.87M,469.42M,18.52,1.87,0.5183585313174945
Healthcare Services,10.01,10.13,9.87,+0.07,+0.70%,208.88K,2023-11-24,718.63K,739.23M,1.67B,23.45,0.464,0.42089552238805966
Robert Half,81.26,81.83,81.22,-0.27,-0.33%,208.31K,2023-11-24,753.75K,8.46B,6.65B,18.4,1.27,4.414130434782609
Globe Life,121.34,122.12,120.3,+0.97,+0.81%,205.08K,2023-11-24,523.26K,11.42B,5.36B,14.81,0.778,8.12288993923025
M&T Bank,125.62,126.06,124.34,+0.55,+0.44%,201.98K,2023-11-24,958.86K,20.85B,9.34B,7.2,0.833,17.269444444444446
Oshkosh,97.35,98.23,96.31,+1.06,+1.10%,200.61K,2023-11-24,547.53K,6.37B,9.39B,12.16,1.36,7.920230263157895
Northrop Grumman,471.52,473.61,470.34,+1.94,+0.41%,191.23K,2023-11-24,819.73K,71.1B,38.69B,15.4,0.424,30.54155844155844
Patterson,32.55,32.58,32.32,+0.24,+0.74%,189.59K,2023-11-24,933.35K,3.12B,6.52B,14.65,1.3,2.2061433447098975
Axos Financial,38.35,39.15,38.32,-0.62,-1.59%,183.27K,2023-11-24,786.54K,2.21B,918.59M,6.94,1.5,5.521613832853026
Hope Bancorp,9.77,9.91,9.76,-0.07,-0.71%,181.99K,2023-11-24,714.99K,1.17B,563.90M,7.35,1.2,1.327891156462585
Federated Investors B,31.61,31.78,31.56,+0.02,+0.06%,179.78K,2023-11-24,812.32K,2.58B,1.59B,10.3,1.05,3.0640776699029124
Cincinnati Financial,102.68,102.69,101.88,+0.64,+0.63%,178.25K,2023-11-24,645.26K,16.11B,9.77B,9.58,0.65,10.634655532359082
Arch Resources,163.62,166.93,161.17,+3.02,+1.88%,178.03K,2023-11-24,371.06K,3.01B,3.21B,3.63,0.678,44.39944903581267
Perdoceo Education,17.53,17.77,17.42,+0.17,+0.98%,176.72K,2023-11-24,453.88K,1.15B,738.23M,8.02,1.13,2.1720698254364095
Overseas Shipholding,5.1,5.17,5.04,+0.090,+1.80%,173.54K,2023-11-24,336.03K,361.83M,457.61M,8.28,0.486,0.6086956521739131
Corcept,25.33,25.6,25.24,-0.01,-0.04%,171.45K,2023-11-24,738.08K,2.61B,450.03M,29.27,0.428,0.8623163648787153
First Financial Bankshares,26.46,26.65,26.36,-0.15,-0.56%,169.80K,2023-11-24,558.70K,3.75B,490.18M,17.86,0.82,1.4759238521836506
East West Bancorp,61.03,61.46,60.89,+0.05,+0.08%,166.58K,2023-11-24,929.18K,8.6B,2.33B,6.86,1.41,8.876093294460642
Destination XL Group,4.01,4.025,3.973,0.000,0.00%,165.83K,2023-11-24,451.30K,241.03M,528.55M,8.0,1.56,0.496625
Adtalem Education,57.48,57.5,56.77,+0.44,+0.77%,164.52K,2023-11-24,411.89K,2.29B,1.47B,24.33,1.02,2.3333333333333335
AutoNation,135.05,135.38,132.75,+1.65,+1.24%,157.14K,2023-11-24,507.89K,5.74B,26.88B,5.7,1.18,23.289473684210524
Columbia Sportswear,75.43,75.47,74.55,+0.54,+0.72%,153.60K,2023-11-24,438.34K,4.56B,3.60B,16.35,0.957,4.559633027522935
Sandridge Energy,14.51,14.64,14.36,+0.090,+0.62%,150.06K,2023-11-24,299.40K,537.56M,170.83M,3.27,2.35,4.391437308868501
Allegiant,69.63,69.79,67.31,+1.82,+2.68%,149.75K,2023-11-24,264.36K,1.25B,2.51B,7.34,1.76,9.170299727520437
Sprott Physical Gold and Silver Trust,18.82,18.82,18.74,+0.27,+1.46%,148.51K,2023-11-24,417.38K,4.03B,452.31M,9.23,-0.012,2.0303358613217766
Snap-On,275.14,276.37,274.6,+0.47,+0.17%,138.56K,2023-11-24,225.07K,14.52B,5.06B,14.64,1.06,18.756830601092897
Hancock Whitney,40.83,40.87,40.17,+0.34,+0.84%,137.36K,2023-11-24,593.01K,3.52B,1.40B,7.28,1.34,5.517857142857143
Cohu,32.67,32.88,32.2,-0.01,-0.03%,135.74K,2023-11-24,256.88K,1.55B,690.20M,29.94,1.57,1.0754843019372078
Rogers Communications,43.4,43.41,42.93,+0.54,+1.26%,134.16K,2023-11-24,352.36K,22.82B,18.14B,29.55,0.467,1.4527918781725888
Ryder System,107.55,107.81,106.5,+1.20,+1.13%,133.05K,2023-11-24,376.38K,4.77B,11.85B,10.28,1.46,10.359922178988327
Capital Southwest,22.6,22.61,22.42,+0.18,+0.80%,132.16K,2023-11-24,341.67K,902.9M,153.10M,11.98,1.25,1.8714524207011687
Cogent,66.3,66.58,65.63,+0.36,+0.55%,130.61K,2023-11-24,350.49K,3.13B,786.90M,2.92,0.424,22.476027397260275
Middleby Corp,125.24,125.52,123.4,+1.42,+1.15%,129.49K,2023-11-24,442.81K,6.71B,4.06B,14.58,1.56,8.463648834019205
Glacier,32.88,32.98,32.39,+0.35,+1.08%,126.45K,2023-11-24,647.65K,3.64B,821.92M,14.62,0.79,2.2154582763337896
Hudson,12.87,12.954,12.629,+0.190,+1.50%,124.47K,2023-11-24,419.91K,585.62M,291.61M,10.89,1.21,1.1596877869605142
ASGN,90.94,91.48,90.18,+0.48,+0.53%,118.48K,2023-11-24,271.56K,4.29B,4.53B,19.91,1.58,4.529382219989955
Titan,13.41,13.44,13.14,+0.290,+2.21%,117.21K,2023-11-24,346.97K,829.94M,1.94B,6.82,2.25,1.9266862170087977
Booking,3115.59,3137.17,3106.75,-14.41,-0.46%,115.88K,2023-11-24,252.06K,108.7B,20.63B,21.76,1.36,142.7734375
Churchill Downs,120.72,121.14,120.11,+0.37,+0.31%,104.70K,2023-11-24,363.08K,9.01B,2.38B,25.18,1.07,4.770055599682288
DRDGOLD ADR,8.68,8.74,8.5,+0.10,+1.17%,104.13K,2023-11-24,232.19K,747.08M,5.50B,1.11,1.31,7.657657657657657
EZCORP,8.24,8.33,8.22,-0.040,-0.48%,103.98K,2023-11-24,364.97K,450.87M,1.05B,15.65,1.25,0.5252396166134186
Star Equity Holdings,1.06,1.09,1.0,+0.035,+3.41%,103.78K,2023-11-24,54.47K,16.78M,104.28M,0.71,0.408,1.4084507042253522
Caseys,282.13,285.17,281.44,-2.47,-0.87%,103.21K,2023-11-24,259.21K,10.51B,14.51B,22.77,0.825,12.36012296881862
Advanced Energy,96.42,96.8,95.68,-0.08,-0.08%,103.20K,2023-11-24,279.99K,3.59B,1.74B,26.86,1.59,3.562174236783321
Clearfield,26.56,27.05,26.45,-0.50,-1.85%,100.75K,2023-11-24,209.95K,405.35M,268.72M,12.35,1.42,2.1417004048582995
O’Reilly Automotive,987.16,992.6,984.76,-4.30,-0.43%,97.61K,2023-11-24,391.16K,58.4B,15.62B,26.05,0.83,37.80268714011516
Alliance Resource,21.85,22.14,21.789,-0.040,-0.18%,95.73K,2023-11-24,412.06K,2.78B,2.63B,3.98,1.33,5.47462311557789
ODP,48.01,48.78,47.93,-0.60,-1.23%,95.64K,2023-11-24,273.51K,1.79B,8.13B,10.08,1.74,4.754960317460317
Eltek,14.18,14.229,12.664,+1.520,+12.01%,91.19K,2023-11-24,49.55K,83.86M,44.85M,14.04,-1.58,0.901994301994302
Euronet,87.39,87.96,86.92,-0.12,-0.14%,88.76K,2023-11-24,478.78K,4.03B,3.60B,15.48,1.38,5.614987080103359
Lamar,98.5,98.5,97.79,+0.26,+0.26%,88.42K,2023-11-24,489.35K,10.05B,2.09B,24.26,1.43,4.030915086562242
WW Grainger,812.3,813.86,806.55,+3.32,+0.41%,87.99K,2023-11-24,256.37K,40.32B,16.28B,22.44,1.13,35.94251336898395
M/I Homes,105.58,105.96,104.08,+0.88,+0.84%,86.51K,2023-11-24,259.53K,2.94B,4.28B,5.94,2.07,17.52188552188552
First Financial Bancorp,20.38,20.53,20.3,-0.02,-0.10%,84.27K,2023-11-24,301.69K,1.94B,803.74M,7.14,1.07,2.843137254901961
Reliance Steel&Aluminum,268.0,268.51,266.75,+0.19,+0.07%,81.30K,2023-11-24,305.65K,15.4B,15.08B,11.13,0.931,23.966756513926324
Dr. Reddy’s Labs ADR,68.23,68.47,67.67,+0.57,+0.84%,80.88K,2023-11-24,242.05K,11.29B,266.85B,18.54,0.364,3.6499460625674223
FirstCash,112.2,112.46,111.52,+0.78,+0.70%,80.56K,2023-11-24,203.03K,5.06B,3.05B,22.27,0.767,5.00763358778626
American Software,9.7,9.81,9.56,-0.02,-0.21%,76.81K,2023-11-24,225.18K,331.41M,121.19M,29.28,0.716,0.3265027322404372
Ameris,42.59,43.09,42.25,0.00,0.00%,74.66K,2023-11-24,336.65K,2.93B,935.46M,10.28,1.17,4.109922178988327
The Ensign,109.6,109.68,108.33,+1.07,+0.99%,72.05K,2023-11-24,269.65K,6.14B,3.56B,24.44,1.01,4.432487725040916
Diodes,68.71,69.02,68.28,+0.05,+0.07%,70.65K,2023-11-24,332.38K,3.16B,1.84B,10.73,1.47,6.363466915191053
Cohen Steers,56.6,57.25,56.57,-0.05,-0.09%,69.59K,2023-11-24,153.59K,2.78B,495.78M,21.31,1.37,2.654622243078367
ArcBest Corp,121.65,123.57,121.39,-0.59,-0.48%,69.14K,2023-11-24,391.56K,2.88B,4.80B,16.08,1.5,7.549129353233831
Cathay,36.65,36.96,36.5,-0.03,-0.08%,65.68K,2023-11-24,562.76K,2.66B,793.05M,7.22,1.16,5.055401662049862
Forward Air,65.01,65.14,64.21,+0.29,+0.45%,64.89K,2023-11-24,539.25K,1.67B,1.72B,15.75,1.16,4.076825396825396
Aviat,30.55,30.73,30.13,+0.16,+0.53%,64.17K,2023-11-24,91.29K,358.05M,352.91M,18.97,1.64,1.588297311544544
Central Garden&Pet A,36.11,36.3,35.71,+0.24,+0.67%,63.23K,2023-11-24,157.98K,1.99B,3.31B,17.0,0.671,2.1005882352941176
Coca-Cola Femsa ADR,85.91,86.77,84.85,+0.51,+0.60%,62.97K,2023-11-24,151.96K,18.05B,242.07B,1.49,0.782,56.946308724832214
AMERISAFE,51.63,52.14,51.55,+0.20,+0.39%,58.98K,2023-11-24,78.40K,989.74M,306.57M,15.54,0.397,3.3172458172458175
Eagle,23.72,24.05,23.58,-0.11,-0.46%,58.77K,2023-11-24,263.28K,709.85M,310.06M,5.97,0.988,3.949748743718593
The Andersons,51.16,52.32,51.03,-0.65,-1.25%,55.20K,2023-11-24,176.57K,1.71B,16.21B,29.39,0.76,1.7363048656005444
Nippon ADR,28.93,29.82,28.77,-0.18,-0.62%,53.07K,2023-11-24,113.64K,97.8B,13.21T,12.43,0.144,2.31456154465004
Pathward Financial,49.71,49.79,49.25,+0.07,+0.14%,51.26K,2023-11-24,164.71K,1.29B,643.81M,8.3,0.821,5.933734939759035
Berkshire Hills Bancorp,21.12,21.28,20.87,+0.07,+0.33%,50.55K,2023-11-24,204.33K,905.5M,412.54M,9.03,0.944,2.311184939091916
First Merchants,31.04,31.13,30.76,+0.11,+0.36%,49.50K,2023-11-24,179.78K,1.86B,665.60M,7.34,1.1,4.190735694822888
Franklin Electric,89.75,89.98,89.24,+0.31,+0.35%,48.48K,2023-11-24,148.71K,4.14B,2.08B,21.38,0.973,4.17399438727783
Broadwind,2.22,2.24,2.16,+0.030,+1.37%,47.78K,2023-11-24,154.61K,47.55M,196.94M,12.41,1.57,0.17405318291700242
Dillards,348.57,349.48,342.3,+8.59,+2.53%,47.09K,2023-11-24,105.74K,5.68B,6.88B,7.44,1.0,46.00806451612903
Dmc Global,16.24,16.49,16.15,+0.13,+0.81%,45.10K,2023-11-24,196.71K,320.93M,720.23M,10.24,1.65,1.5771484374999998
AudioCodes,10.94,10.97,10.82,+0.04,+0.37%,43.57K,2023-11-24,167.29K,341.92M,251.48M,27.4,0.686,0.39489051094890515
BankFinancial,8.95,9.04,8.83,+0.05,+0.56%,43.38K,2023-11-24,13.71K,112.3M,56.84M,10.59,0.402,0.833805476864967
HCI Group Inc,87.41,87.9,85.92,+1.71,+2.00%,43.37K,2023-11-24,91.18K,750.69M,504.83M,17.75,0.884,4.84056338028169
BOK Financial,71.39,72.43,70.75,-0.11,-0.15%,42.89K,2023-11-24,209.09K,4.69B,2.06B,7.72,1.21,9.164507772020725
Consolidated Water,36.08,36.36,35.66,+0.27,+0.75%,41.71K,2023-11-24,177.66K,568.17M,155.39M,26.63,0.118,1.3390912504693953
Dorman,72.95,73.92,72.37,+0.23,+0.32%,40.49K,2023-11-24,106.94K,2.3B,1.94B,23.74,0.605,3.0484414490311713
First Busey,21.09,21.35,21.06,-0.05,-0.24%,40.03K,2023-11-24,122.96K,1.17B,450.61M,8.92,0.834,2.3609865470852016
First Citizens BancShares,1435.4,1445.27,1425.85,+16.02,+1.13%,37.47K,2023-11-24,62.48K,20.66B,6.46B,1.87,0.956,762.4866310160427
Premier Financial,20.24,20.25,20.0,+0.25,+1.25%,35.70K,2023-11-24,140.52K,723.23M,313.66M,6.18,1.27,3.236245954692557
Janone,0.39,0.41,0.371,-0.009,-2.26%,35.34K,2023-11-24,1.28M,1.88M,39.61M,0.1,1.76,3.71
ClearOne,0.809,0.811,0.78,+0.038,+4.93%,34.84K,2023-11-24,35.56K,19.38M,18.57M,0.92,0.791,0.8478260869565217
Hanmi,16.51,16.65,16.4,-0.04,-0.24%,34.26K,2023-11-24,157.44K,499.23M,258.44M,5.59,0.965,2.9338103756708405
Horizon Bancorp,11.15,11.22,11.05,+0.06,+0.54%,34.25K,2023-11-24,145.01K,491.87M,224.27M,6.51,0.927,1.697388632872504
Fonar,19.5,19.75,19.14,+0.46,+2.42%,33.79K,2023-11-24,18.54K,128.28M,101.29M,11.89,0.945,1.6097560975609755
First Bancorp,31.41,31.5,31.07,+0.17,+0.54%,33.43K,2023-11-24,155.42K,1.29B,383.44M,10.91,1.07,2.847846012832264
Central Garden&Pet,39.96,40.16,39.47,+0.40,+1.01%,33.05K,2023-11-24,72.69K,1.99B,3.31B,17.0,0.671,2.321764705882353
National Beverage,48.64,48.89,48.34,-0.23,-0.47%,32.59K,2023-11-24,146.04K,4.54B,1.18B,29.22,0.964,1.6543463381245724
Capital Product,14.32,14.32,14.12,+0.12,+0.85%,31.28K,2023-11-24,27.40K,285.73M,344.97M,5.27,0.945,2.6793168880455407
DXP Enterprises,31.73,33.0,31.24,+0.63,+2.03%,30.07K,2023-11-24,65.78K,513.28M,1.68B,9.2,1.84,3.3956521739130436
Dime Community,20.51,20.71,20.43,+0.07,+0.34%,29.58K,2023-11-24,144.11K,796.22M,376.67M,7.04,1.13,2.9019886363636362
Flushing,14.07,14.16,13.92,+0.12,+0.86%,28.28K,2023-11-24,88.38K,406.69M,185.61M,12.6,0.727,1.1047619047619048
German American Bancorp,29.23,29.47,28.91,+0.13,+0.45%,27.89K,2023-11-24,63.34K,864.49M,252.49M,9.71,0.642,2.9773429454170954
Arrow,24.6,24.65,24.09,+0.35,+1.44%,27.58K,2023-11-24,54.71K,419.56M,134.33M,12.15,0.633,1.982716049382716
Enterprise Financial,38.49,38.55,38.17,+0.17,+0.44%,26.99K,2023-11-24,124.78K,1.44B,598.27M,6.96,1.05,5.484195402298851
Banner,44.46,44.88,44.37,-0.08,-0.18%,26.23K,2023-11-24,175.91K,1.53B,625.12M,7.79,0.992,5.69576379974326
Cass,41.88,42.06,40.91,+0.75,+1.82%,25.43K,2023-11-24,37.00K,569.42M,209.60M,17.65,0.629,2.317847025495751
Apogee,46.11,46.24,45.76,+0.27,+0.59%,24.95K,2023-11-24,158.58K,1.02B,1.43B,9.97,1.15,4.5897693079237705
China Automotive,3.59,3.71,3.42,-0.090,-2.45%,24.48K,2023-11-24,35.13K,108.06M,545.98M,3.44,2.39,0.9941860465116279
Bel Fuse B,55.35,55.83,55.01,0.00,0.00%,24.33K,2023-11-24,122.52K,704.06M,669.01M,9.08,1.66,6.058370044052864
Columbus McKinnon,35.1,35.21,34.66,+0.36,+1.04%,23.52K,2023-11-24,86.46K,1.01B,978.11M,19.73,1.29,1.7567156614292954
Greenlight Capital Re,11.3,11.41,11.1,-0.010,-0.09%,22.92K,2023-11-24,78.51K,399.31M,645.29M,3.79,0.961,2.9287598944591027
Citi Trends,26.44,26.64,25.75,+0.77,+3.00%,22.82K,2023-11-24,68.26K,221.26M,755.03M,11.03,2.32,2.334542157751587
The First Bancshares,26.23,26.66,26.01,+0.04,+0.15%,22.80K,2023-11-24,78.79K,815.5M,278.11M,9.58,0.904,2.7150313152400836
Globus Maritime,1.9463,1.95,1.85,+0.0963,+5.21%,21.76K,2023-11-24,224.35K,40.06M,32.40M,22.35,0.154,0.08277404921700224
First Community Bancshares,33.85,34.27,33.33,+0.47,+1.41%,21.44K,2023-11-24,36.53K,627.44M,152.04M,12.08,0.571,2.7591059602649004
Gilat,6.32,6.34,6.22,+0.060,+0.96%,21.05K,2023-11-24,92.09K,364.39M,263.11M,25.95,0.602,0.2396917148362235
Lindsay,121.87,122.71,121.11,+0.46,+0.38%,20.96K,2023-11-24,82.54K,1.34B,674.08M,18.51,0.631,6.542949756888168
Credit Acceptance,435.33,438.26,430.85,+3.39,+0.78%,20.70K,2023-11-24,55.94K,5.47B,929.40M,17.81,1.38,24.191465468837734
American Woodmark,73.65,74.46,73.56,-0.16,-0.22%,19.35K,2023-11-24,133.05K,1.21B,2.02B,11.01,1.85,6.681198910081744
Bank of Marin,18.98,19.0,18.52,+0.36,+1.93%,18.74K,2023-11-24,48.88K,304.76M,121.71M,9.36,0.779,1.9786324786324787
Addus,88.95,89.36,88.67,+0.19,+0.21%,17.72K,2023-11-24,70.78K,1.42B,1.03B,24.68,0.853,3.592787682333874
CNB Financial,20.85,21.09,20.65,+0.14,+0.68%,16.51K,2023-11-24,39.79K,433M,218.47M,7.86,0.815,2.6272264631043254
The Hackett,22.67,22.67,22.27,+0.11,+0.49%,16.34K,2023-11-24,92.72K,617.47M,288.92M,17.69,0.886,1.2589033352176369
BancFirst,85.91,86.65,85.35,-0.10,-0.12%,15.82K,2023-11-24,83.91K,2.83B,606.93M,12.75,1.12,6.694117647058823
Haynes,49.5,49.5,48.68,+0.98,+2.02%,15.64K,2023-11-24,42.07K,613.03M,589.96M,14.88,1.51,3.271505376344086
Farmers National,12.6,12.6,12.46,+0.14,+1.12%,15.44K,2023-11-24,62.88K,472.37M,163.01M,9.42,0.832,1.3227176220806796
Citizens Community,10.73,10.98,10.5,-0.13,-1.20%,14.24K,2023-11-24,8.76K,112.32M,60.85M,7.9,0.948,1.3291139240506329
Crown Crafts,4.924,4.95,4.87,+0.054,+1.11%,13.91K,2023-11-24,13.41K,50.43M,81.87M,11.44,0.739,0.42569930069930073
CSP,25.14,25.95,25.03,-0.39,-1.53%,13.77K,2023-11-24,27.04K,118.85M,66.01M,22.31,1.19,1.121918422232183
Cavco,279.99,280.97,277.3,+1.55,+0.56%,13.65K,2023-11-24,61.76K,2.33B,1.90B,12.51,1.18,22.16626698641087
Franklin Financial,33.22,33.29,32.7,+0.21,+0.64%,13.61K,2023-11-24,4.25K,144.37M,66.13M,10.45,0.518,3.129186602870814
City Holding,97.44,98.03,96.86,+0.01,+0.01%,13.58K,2023-11-24,60.20K,1.45B,287.50M,12.41,0.54,7.804995970991136
Grupo Aeroportuario Sureste ADR,236.67,237.79,235.04,+1.00,+0.42%,13.48K,2023-11-24,70.29K,7.09B,26.22B,11.87,0.731,19.801179443976412
Coca-Cola Bottling,725.01,734.99,723.99,-3.00,-0.41%,13.40K,2023-11-24,34.29K,6.8B,6.60B,15.14,0.844,47.819682959048876
Escalade,19.94,20.2,19.72,+0.14,+0.71%,13.20K,2023-11-24,22.33K,273.91M,270.20M,28.29,1.19,0.6970661010957936
Canon ADR,25.23,25.25,24.81,+0.20,+0.81%,12.74K,2023-11-24,50.53K,24.83B,4.17T,14.11,0.383,1.7583274273564848
Greystone Housing,16.08,16.256,16.0,+0.064,+0.40%,12.14K,2023-11-24,35.05K,368.89M,54.24M,8.34,0.722,1.9184652278177459
Artesian,43.37,43.4,42.29,+0.78,+1.83%,11.96K,2023-11-24,33.07K,442.74M,99.43M,27.4,0.193,1.5434306569343066
Covenant,43.24,43.63,43.2,+0.10,+0.23%,11.74K,2023-11-24,51.25K,559.82M,1.13B,10.66,1.51,4.0525328330206385
Good Times,2.52,2.61,2.489,+0.040,+1.61%,11.58K,2023-11-24,12.36K,29.13M,138.99M,3.02,2.02,0.8241721854304636
Central Valley Community,17.8,17.8,17.4,+0.23,+1.31%,11.16K,2023-11-24,18.41K,210.3M,89.05M,7.58,0.783,2.2955145118733506
Hovnanian Enterprises,91.02,92.04,90.55,-0.73,-0.80%,11.08K,2023-11-24,61.02K,617.65M,2.76B,3.94,2.58,22.982233502538072
BOS,2.91,3.105,2.91,-0.128,-4.21%,10.80K,2023-11-24,17.53K,16.73M,43.85M,8.02,0.829,0.36284289276807985
American National Bankshares,42.14,42.43,41.78,+0.20,+0.48%,8.85K,2023-11-24,22.27K,447.91M,105.22M,14.9,0.987,2.804026845637584
Bassett,16.63,16.64,16.2,+0.26,+1.59%,8.71K,2023-11-24,22.54K,146.68M,416.45M,24.65,1.64,0.6572008113590264
Deswell Industries,2.71,2.71,2.64,+0.070,+2.65%,8.70K,2023-11-24,4.84K,43.18M,70.63M,6.8,0.395,0.38823529411764707
CRA,97.07,98.02,97.07,-0.05,-0.05%,8.44K,2023-11-24,28.67K,679.66M,607.34M,19.4,1.23,5.00360824742268
Colony Bankcorp,10.64,10.76,10.6,-0.03,-0.28%,8.37K,2023-11-24,43.70K,186.92M,111.79M,8.62,0.566,1.2296983758700697
Atlanticuss,31.06,31.08,30.7,+0.15,+0.49%,8.26K,2023-11-24,16.27K,455.07M,344.78M,5.93,1.84,5.177065767284992
Capital City Bank,27.29,27.57,27.0,+0.24,+0.89%,7.97K,2023-11-24,28.64K,463.7M,232.61M,8.51,0.639,3.1727379553466513
Enterprise,26.78,27.37,26.78,+0.38,+1.44%,7.86K,2023-11-24,11.15K,324.75M,166.39M,7.73,0.584,3.464424320827943
Civista Bancshares,15.42,15.45,15.26,+0.04,+0.26%,7.81K,2023-11-24,24.05K,242.03M,163.55M,5.32,0.85,2.8684210526315788
Enstar,267.92,268.24,264.5,+1.05,+0.39%,7.80K,2023-11-24,33.36K,4.15B,905.00M,6.11,0.575,43.289689034369886
Sierra Bancorp,18.45,18.54,18.19,-0.05,-0.27%,7.76K,2023-11-24,24.30K,267.99M,137.27M,7.59,0.966,2.396574440052701
Community Trust,40.04,40.05,39.5,+0.25,+0.63%,7.46K,2023-11-24,45.39K,720.71M,223.45M,8.72,0.733,4.529816513761467
Kyocera ADR,55.01,55.028,54.938,+0.980,+1.81%,7.20K,2023-11-24,19.84K,19.32B,2.00T,26.89,0.317,2.043064336184455
Financial Institutions,17.86,18.09,17.79,-0.05,-0.28%,7.14K,2023-11-24,37.06K,275.09M,198.27M,5.34,0.906,3.331460674157303
Great Southern Bancorp,52.54,52.66,51.02,+0.83,+1.61%,6.99K,2023-11-24,23.60K,619.73M,235.16M,8.16,0.764,6.252450980392157
AmeriServ,3.0,3.0,2.95,+0.070,+2.39%,6.89K,2023-11-24,11.10K,51.44M,53.41M,17.43,0.649,0.16924842226047046
Escalon Medical Corp,0.245,0.245,0.2,+0.0400,+19.51%,6.82K,2023-11-24,8.68K,1.82M,12.52M,3.5,-0.369,0.05714285714285715
First Financial Northwest,11.66,11.66,11.2,+0.63,+5.71%,6.80K,2023-11-24,5.67K,106.71M,46.28M,12.55,0.439,0.892430278884462
Gravity Co,71.0,71.0,69.46,+0.04,+0.06%,6.67K,2023-11-24,18.90K,493.31M,756.10B,4.38,0.654,15.858447488584474
Broadway Financial,7.555,7.68,7.5,+0.015,+0.20%,6.28K,2023-11-24,5.14K,68.14M,32.16M,14.63,0.747,0.5126452494873547
Citizens&Northern,19.67,19.76,19.22,+0.26,+1.34%,6.22K,2023-11-24,20.20K,300.45M,106.45M,10.85,0.345,1.7714285714285714
Consumer Portfolio Services,9.68,9.79,9.47,0.000,0.00%,5.77K,2023-11-24,26.08K,204.44M,226.16M,3.84,2.27,2.4661458333333335
Republic First Bancorp,0.083,0.17,0.076,-0.087,-51.00%,5.57K,2023-11-24,58.35K,5.87M,164.07M,0.71,0.926,0.10704225352112676
Graham Holdings,625.96,631.78,625.96,-3.29,-0.52%,5.15K,2023-11-24,15.32K,2.84B,4.31B,18.83,1.05,33.24269782262348
Orix,91.43,91.43,90.14,+0.54,+0.59%,4.83K,2023-11-24,18.60K,21.02B,2.66T,11.42,0.973,7.893169877408056
Ames,18.67,18.69,18.31,+0.19,+1.03%,4.49K,2023-11-24,23.00K,167.88M,55.23M,12.66,0.532,1.4462875197472354
US Global,3.02,3.063,2.879,+0.070,+2.37%,4.36K,2023-11-24,41.74K,43.21M,15.07M,14.02,1.99,0.20534950071326677
Community West Bancshares,13.85,13.85,13.83,+0.02,+0.14%,4.19K,2023-11-24,10.79K,122.58M,50.29M,11.94,0.628,1.1582914572864322
ESSA Bancorp,16.65,16.65,16.45,+0.23,+1.40%,3.53K,2023-11-24,20.28K,161.73M,68.76M,8.64,0.32,1.903935185185185
CF Bankshares,16.49,16.49,16.05,-0.01,-0.06%,3.28K,2023-11-24,5.25K,108.09M,50.61M,5.92,0.557,2.7111486486486487
ACNB,39.36,39.43,38.61,+0.80,+2.07%,3.23K,2023-11-24,11.17K,334.86M,113.47M,8.7,0.429,4.437931034482759
Codorus Valley,20.5,20.5,20.46,+0.13,+0.64%,3.09K,2023-11-24,14.77K,197.19M,96.61M,7.15,0.548,2.8615384615384616
Gencor,14.83,14.83,14.52,+0.15,+1.02%,3.02K,2023-11-24,15.69K,218.25M,107.28M,17.69,0.544,0.8208027133973996
ATRION,304.0,313.24,304.0,+8.57,+2.90%,2.84K,2023-11-24,5.32K,534.99M,168.60M,25.14,0.575,12.092283214001592
First Community,17.75,17.75,17.69,+0.09,+0.48%,2.84K,2023-11-24,11.84K,134.89M,59.09M,10.59,0.522,1.6704438149197358
First Bancorp Inc,24.97,24.97,24.5,+0.09,+0.36%,2.65K,2023-11-24,11.02K,277.02M,83.06M,8.39,0.516,2.9201430274135873
First Business,34.05,34.28,34.05,-0.23,-0.67%,2.58K,2023-11-24,11.21K,283.12M,135.38M,7.84,0.772,4.343112244897959
Antelope Enterprise Holdings,2.29,2.35,2.055,-0.020,-0.87%,2.42K,2023-11-24,23.06K,5.04M,477.35M,3.67,1.26,0.5599455040871936
First United,18.38,18.38,18.06,+0.10,+0.55%,2.33K,2023-11-24,5.90K,122.89M,75.76M,5.97,0.794,3.0251256281407035
Greene County,24.66,24.69,24.41,+0.47,+1.94%,2.18K,2023-11-24,12.14K,419.88M,71.29M,14.57,0.381,1.675360329444063
Diamond Hill,161.42,161.42,159.14,+1.35,+0.84%,2.11K,2023-11-24,14.65K,464.64M,137.85M,10.99,0.959,14.480436760691536
Eagle Montana,11.9,12.0,11.87,0.00,0.00%,2.07K,2023-11-24,5.83K,92.7M,85.57M,8.02,0.52,1.4800498753117206
Arts-Way,2.0,2.0,1.98,-0.010,-0.50%,2.05K,2023-11-24,8.22K,10.02M,32.80M,14.85,0.446,0.13333333333333333
Flexsteel,16.81,17.34,16.81,-0.45,-2.61%,1.71K,2023-11-24,11.36K,90.04M,392.61M,5.9,0.607,2.849152542372881
Bridgford,10.57,10.57,10.51,+0.03,+0.28%,1.68K,2023-11-24,3.36K,95.94M,253.63M,21.64,-0.519,0.4856746765249538
Eastern Co,18.72,19.43,18.72,+0.06,+0.32%,1.63K,2023-11-24,7.84K,116.78M,275.54M,21.42,1.09,0.8739495798319327
ASM ADR,504.01,508.01,501.69,+3.65,+0.73%,1.46K,2023-11-24,5.65K,24.73B,2.73B,25.25,1.35,19.868910891089108
Atlantic American,1.925,1.93,1.911,-0.005,-0.26%,1.41K,2023-11-24,4.64K,39.27M,185.28M,14.62,0.343,0.13071135430916553
Comstock,4.4,4.4,4.31,+0.050,+1.15%,1.34K,2023-11-24,5.78K,42.47M,43.01M,5.72,1.0,0.7534965034965034
Bel Fuse A,54.98,55.3,54.0,+0.23,+0.42%,1.28K,2023-11-24,4.68K,704.06M,669.01M,9.32,1.66,5.793991416309012
CBB Bancorp,9.7,9.7,9.7,0.0000,0.00%,1.20K,2023-11-24,5.58K,102.7M,82.15M,3.62,0.561,2.6795580110497235
Fanhua,7.02,7.02,7.02,+0.14,+2.03%,1.03K,2023-11-24,24.55K,406.27M,3.36B,7.03,0.13,0.9985775248933143
Ark Restaurants,15.64,15.75,15.64,+0.39,+2.56%,0.94K,2023-11-24,3.62K,56.37M,187.28M,10.86,1.09,1.4401473296500922
Commercial National Financial,10.27,10.27,10.22,+0.05,+0.49%,0.83K,2023-11-24,1.39K,29.38M,17.27M,7.54,0.341,1.3554376657824934
First Savings,15.2,15.21,15.11,-0.10,-0.65%,0.59K,2023-11-24,3.88K,103.61M,84.30M,12.86,0.735,1.1749611197511665
Asia Pacific Wire & Cable,1.44,1.46,1.34,+0.090,+6.67%,0.55K,2023-11-24,2.51K,27.63M,420.01M,6.44,0.698,0.2080745341614907
Canterbury Park,18.88,18.88,18.37,+0.38,+2.05%,0.55K,2023-11-24,3.77K,90.83M,62.03M,9.2,-0.095,1.9967391304347828
Glen Burnie,5.38,5.38,5.15,+0.12,+2.28%,0.31K,2023-11-24,4.58K,15.13M,13.85M,7.22,0.699,0.7132963988919668
Citizens,10.34,10.34,10.3,+0.09,+0.83%,0.16K,2023-11-24,5.41K,57.57M,41.09M,11.23,0.044,0.917186108637578
Bank of South Carolina,12.2,12.2,12.2,+0.00,+0.00%,0.15K,2023-11-24,7.68K,70.73M,20.68M,11.4,0.478,1.0701754385964912
Auburn,20.32,20.64,20.32,+0.03,+0.15%,0.12K,2023-11-24,2.23K,71.16M,33.23M,7.25,0.591,2.802758620689655
Formula Systems ADR,61.4,61.4,60.62,-0.15,-0.24%,0.09K,2023-11-24,0.71K,947.33M,2.64B,14.57,0.482,4.1606039807824295
First Capital,25.87,25.87,25.87,+0.34,+1.33%,0.07K,2023-11-24,3.98K,88.12M,41.66M,6.46,0.503,4.004643962848298
