Unnamed: 0,Name,Last,High,Low,Chg.,Chg. %,Vol.,Time,Unnamed: 9
,Tesla,235.45,238.75,232.33,+1.24,+0.53%,65.02M,24/11,
,NVIDIA,477.76,489.21,477.45,-9.40,-1.93%,29.37M,24/11,
,Apple,189.97,190.9,189.25,-1.34,-0.70%,24.04M,24/11,
,Ford Motor,10.4,10.53,10.28,+0.14,+1.36%,22.02M,24/11,
,Amazon.com,146.74,147.2,145.32,+0.03,+0.02%,21.61M,24/11,
,AMD,122.31,123.25,121.54,-0.20,-0.16%,18.99M,24/11,
,Riot Platforms,12.02,12.26,11.42,+0.42,+3.62%,18.29M,24/11,
,Mullen Automotive,0.175,0.18,0.1717,0.0000,0.00%,16.10M,24/11,
,Bank of America,29.73,29.89,29.48,+0.10,+0.34%,15.75M,24/11,
,Petroleo Brasileiro Petrobras ADR,15.33,15.74,15.29,+0.03,+0.20%,15.48M,24/11,
,Intel,43.96,44.0,43.61,+0.29,+0.66%,13.03M,24/11,
,Vale ADR,15.06,15.16,15.02,-0.15,-0.99%,12.54M,24/11,
,Alphabet A,136.69,138.13,135.99,-1.80,-1.30%,12.51M,24/11,
,AT&T,16.21,16.32,16.2,+0.04,+0.25%,12.43M,24/11,
,Pfizer,30.5,30.7,30.38,+0.18,+0.59%,11.13M,24/11,
,Seelos Therapeutics,0.131,0.162,0.12,-0.039,-22.95%,11.08M,24/11,
,Grupo Televisa ADR,2.53,2.55,2.38,-0.02,-0.78%,9.52M,24/11,
,Exxon Mobil,104.57,105.46,103.91,+0.56,+0.54%,9.48M,24/11,
,Microsoft,377.43,377.97,375.14,-0.42,-0.11%,9.38M,24/11,
,Macy’s Inc,14.87,15.02,14.6,+0.03,+0.20%,8.88M,24/11,
,Nordstrom,15.05,15.19,14.39,+0.84,+5.91%,8.51M,24/11,
,Transocean,6.56,6.59,6.32,+0.270,+4.29%,8.13M,24/11,
,Cisco,48.36,48.4,48.05,+0.28,+0.58%,7.92M,24/11,
,AGNC Invest,8.71,8.84,8.69,-0.08,-0.91%,7.59M,24/11,
,CSX,32.64,32.64,32.38,+0.09,+0.28%,7.22M,24/11,
,Barrick Gold,16.23,16.34,16.11,-0.01,-0.06%,7.11M,24/11,
,PG E,18.02,18.02,17.92,+0.05,+0.28%,6.95M,24/11,
,Warner Bros Discovery,10.85,10.95,10.61,+0.19,+1.78%,6.79M,24/11,
,Verizon,37.41,37.57,37.3,+0.06,+0.16%,6.77M,24/11,
,Kinross Gold,5.59,5.65,5.57,+0.040,+0.72%,6.03M,24/11,
,Citigroup,45.23,45.52,44.84,+0.21,+0.47%,5.94M,24/11,
,General Motors,28.17,28.5,28.12,+0.07,+0.25%,5.86M,24/11,
,Comcast,42.58,42.73,42.4,+0.10,+0.24%,5.86M,24/11,
,Southwestern Energy,6.83,6.9,6.69,+0.110,+1.64%,5.60M,24/11,
,Newmont Goldcorp,37.59,37.86,37.53,-0.10,-0.27%,5.58M,24/11,
,Walt Disney,96.06,96.51,94.9,+0.99,+1.04%,5.44M,24/11,
,Qurate Retail A,0.7704,0.7704,0.66,+0.1007,+15.04%,5.38M,24/11,
,JetBlue,4.24,4.31,4.2,+0.03,+0.71%,5.29M,24/11,
,Wells Fargo&Co,42.92,43.11,42.73,+0.14,+0.33%,5.29M,24/11,
,Bristol-Myers Squibb,49.76,49.91,49.47,+0.34,+0.69%,5.09M,24/11,
,Baidu,123.4,124.83,120.93,+3.28,+2.73%,4.93M,24/11,
,HP Inc,28.64,28.83,28.44,-0.02,-0.07%,4.76M,24/11,
,Coca-Cola,58.57,58.75,58.33,+0.15,+0.26%,4.74M,24/11,
,Lumen Technologies,1.25,1.32,1.25,-0.04,-2.71%,4.68M,24/11,
,Walmart,156.06,156.13,154.7,+1.39,+0.90%,4.66M,24/11,
,NextEra Energy,57.55,57.6,56.93,+0.08,+0.14%,4.63M,24/11,
,Marathon Oil,25.35,25.59,25.22,+0.11,+0.44%,4.53M,24/11,
,KeyCorp,12.04,12.15,11.92,+0.01,+0.08%,4.51M,24/11,
,Occidental,60.16,60.84,59.99,-0.05,-0.08%,4.45M,24/11,
,Delta Air Lines,36.1,36.33,35.94,+0.15,+0.42%,4.39M,24/11,
,3D Systems,5.38,5.4,4.89,+0.74,+15.95%,4.37M,24/11,
,Micron,76.87,77.01,76.37,-0.23,-0.30%,4.35M,24/11,
,Walgreens Boots,20.85,20.98,20.58,+0.16,+0.77%,4.32M,24/11,
,Huntington Bancshares,10.88,10.95,10.82,0.01,0.09%,4.31M,24/11,
,Under Armour A,7.68,7.75,7.58,+0.02,+0.26%,4.14M,24/11,
,Devon Energy,45.35,45.62,44.9,+0.19,+0.42%,4.05M,24/11,
,Kraft Heinz,34.94,35.03,34.72,+0.26,+0.75%,3.98M,24/11,
,Trip.com ADR,35.36,35.55,34.89,+0.43,+1.23%,3.96M,24/11,
,Gap,18.86,18.92,18.63,+0.06,+0.32%,3.92M,24/11,
,Chevron,144.9,145.94,144.2,+0.57,+0.39%,3.86M,24/11,
,Sirius XM,4.93,4.94,4.85,+0.030,+0.61%,3.74M,24/11,
,Qualcomm,127.75,128.23,127.56,+0.25,+0.20%,3.71M,24/11,
,FuelCell Energy,1.17,1.19,1.15,+0.020,+1.74%,3.68M,24/11,
,Kohl’s Corp,23.15,23.53,22.55,-0.02,-0.09%,3.59M,24/11,
,Cemex ADR,6.72,6.85,6.68,-0.040,-0.59%,3.55M,24/11,
,Freeport-McMoran,36.84,37.22,36.6,-0.05,-0.14%,3.54M,24/11,
,JPMorgan,153.54,154.44,153.27,+0.21,+0.14%,3.50M,24/11,
,J&J,152.5,152.68,150.86,+1.68,+1.11%,3.35M,24/11,
,Medtronic,78.97,79.04,78.23,+0.60,+0.77%,3.31M,24/11,
,Keurig Dr Pepper,32.62,32.74,32.37,+0.21,+0.65%,3.28M,24/11,
,First Horizon National,12.15,12.2,11.97,0.00,0.00%,3.19M,24/11,
,Teva ADR,9.55,9.62,9.47,+0.09,+0.95%,3.17M,24/11,
,Altria,41.47,41.48,41.28,+0.28,+0.68%,3.15M,24/11,
,United Airlines Holdings,39.71,40.28,39.51,-0.09,-0.23%,3.15M,24/11,
,Merck&Co,101.87,102.51,101.44,+0.19,+0.19%,3.14M,24/11,
,United States Steel,34.85,35.03,34.53,+0.15,+0.43%,3.13M,24/11,
,Marvell,56.03,56.23,55.37,+0.53,+0.95%,3.11M,24/11,
,Schlumberger,52.6,53.09,52.48,+0.08,+0.15%,3.08M,24/11,
,Viatris,9.43,9.45,9.32,+0.06,+0.64%,3.07M,24/11,
,Gold Fields ADR,13.43,13.49,13.26,-0.230,-1.68%,3.06M,24/11,
,Harmony Gold Mining,5.76,5.85,5.71,+0.030,+0.52%,2.92M,24/11,
,Starbucks,102.78,103.6,102.46,-0.66,-0.64%,2.91M,24/11,
,U.S. Bancorp,37.2,37.37,36.67,+0.37,+1.00%,2.80M,24/11,
,Infosys ADR,17.47,17.47,17.29,-0.11,-0.63%,2.74M,24/11,
,Charles Schwab,56.43,56.47,55.79,+0.50,+0.89%,2.70M,24/11,
,VF,16.59,16.79,16.4,-0.09,-0.54%,2.68M,24/11,
,Fortinet,53.43,53.69,52.82,+0.46,+0.87%,2.62M,24/11,
,China Jo-Jo Drugstores,0.1913,0.25,0.172,+0.0194,+11.29%,2.61M,24/11,
,eBay,41.48,41.79,41.28,-0.16,-0.38%,2.59M,24/11,
,Cleveland-Cliffs,16.78,16.94,16.64,-0.07,-0.42%,2.56M,24/11,
,Exelon,39.19,39.24,38.74,+0.33,+0.85%,2.52M,24/11,
,Regions Financial,16.05,16.14,15.96,0.01,0.06%,2.51M,24/11,
,Truist Financial Corp,31.76,31.81,31.29,+0.27,+0.86%,2.48M,24/11,
,Boston Scientific,55.63,55.68,55.2,+0.20,+0.36%,2.46M,24/11,
,Nike,107.64,108.0,107.4,-0.28,-0.26%,2.44M,24/11,
,Kroger,44.18,44.25,43.7,+0.36,+0.82%,2.41M,24/11,
,Baker Hughes,33.89,34.16,33.59,+0.31,+0.92%,2.41M,24/11,
,Morgan Stanley,78.65,78.91,78.04,+0.16,+0.20%,2.40M,24/11,
,NiSource,26.1,26.23,25.99,-0.09,-0.34%,2.35M,24/11,
,Rtx Corp,80.0,80.08,79.43,+0.18,+0.23%,2.33M,24/11,
,Broadcom,978.87,979.86,966.75,+6.87,+0.71%,2.32M,24/11,
,Boeing,220.0,221.59,218.96,+0.09,+0.04%,2.31M,24/11,
,Las Vegas Sands,48.92,49.23,48.74,-0.36,-0.73%,2.28M,24/11,
,Halliburton,38.06,38.55,37.91,+0.17,+0.45%,2.27M,24/11,
,Western Digital,46.6,46.79,46.05,-0.31,-0.66%,2.26M,24/11,
,ICICI Bank ADR,22.34,22.36,22.19,+0.22,+0.99%,2.25M,24/11,
,Southwest Airlines,24.87,24.94,24.66,+0.16,+0.65%,2.24M,24/11,
,CVS Health Corp,69.42,69.49,68.75,+0.28,+0.41%,2.20M,24/11,
,Abbott Labs,102.87,103.18,102.19,+0.17,+0.17%,2.17M,24/11,
,ConocoPhillips,115.49,116.57,114.86,+0.64,+0.56%,2.16M,24/11,
,Oracle,116.25,116.59,115.34,+0.01,+0.01%,2.15M,24/11,
,Procter&Gamble,151.38,151.74,151.03,+0.36,+0.24%,2.12M,24/11,
,TJX,89.97,90.6,89.55,+0.02,+0.02%,2.07M,24/11,
,The AES,16.93,17.08,16.86,+0.02,+0.12%,2.06M,24/11,
,Edwards Lifesciences,67.9,67.91,67.0,+0.84,+1.25%,2.05M,24/11,
,Philip Morris,94.34,94.41,93.9,+0.52,+0.55%,2.03M,24/11,
,CF Industries,78.36,79.14,76.26,+1.95,+2.55%,2.03M,24/11,
,Williams,36.32,36.49,36.03,+0.09,+0.25%,2.02M,24/11,
,Fidelity National Info,55.5,55.55,54.65,+1.07,+1.97%,2.00M,24/11,
,Applied Materials,150.34,150.66,149.33,+0.86,+0.58%,1.99M,24/11,
,Hawaiian,5.04,5.12,4.77,+0.19,+3.92%,1.91M,24/11,
,Gilead,75.38,75.99,75.03,-0.32,-0.42%,1.90M,24/11,
,DexCom,112.95,113.81,110.44,+2.15,+1.94%,1.90M,24/11,
,Patterson-UTI Energy,11.97,12.16,11.895,+0.060,+0.50%,1.89M,24/11,
,Monster Beverage,55.17,55.41,55.01,-0.05,-0.09%,1.87M,24/11,
,PPL,26.31,26.32,26.08,+0.07,+0.27%,1.87M,24/11,
,Urban Outfitters,32.55,32.62,31.45,+0.73,+2.29%,1.87M,24/11,
,EQT,40.85,41.1,39.95,+0.53,+1.31%,1.87M,24/11,
,Cameco,45.16,45.72,44.9,+0.16,+0.36%,1.86M,24/11,
,Teck Resources B,36.46,36.9,36.21,+0.08,+0.22%,1.86M,24/11,
,Target,131.46,131.47,129.76,+0.96,+0.74%,1.86M,24/11,
,Salesforce Inc,224.38,224.49,222.12,+0.54,+0.24%,1.86M,24/11,
,Illumina,98.34,98.82,96.21,+0.58,+0.59%,1.86M,24/11,
,Sempra Energy,73.67,73.78,72.88,+0.55,+0.75%,1.84M,24/11,
,Coterra Energy,26.77,26.83,26.48,+0.10,+0.38%,1.83M,24/11,
,Invesco,13.81,13.82,13.67,-0.04,-0.29%,1.82M,24/11,
,Gen Digital,21.27,21.32,20.92,+0.08,+0.38%,1.81M,24/11,
,IBM,155.18,155.4,153.92,+0.05,+0.03%,1.80M,24/11,
,TechnipFMC,21.3,21.455,20.95,+0.380,+1.82%,1.79M,24/11,
,PepsiCo,169.37,170.02,168.95,+0.15,+0.09%,1.75M,24/11,
,Agenus,0.69,0.716,0.67,+0.011,+1.61%,1.75M,24/11,
,Host Hotels Resorts,17.42,17.47,17.25,+0.03,+0.17%,1.74M,24/11,
,Best Buy,69.51,69.69,67.8,+1.48,+2.18%,1.70M,24/11,
,Amyris,0.01,0.01,0.0,0.01,150.00%,1.70M,24/11,
,Dow,51.67,51.94,51.45,+0.27,+0.53%,1.68M,24/11,
,Healthpeak Properties,16.65,16.73,16.43,+0.02,+0.12%,1.67M,24/11,
,Pan American Silver NQ,14.81,14.85,14.38,+0.43,+2.99%,1.65M,24/11,
,Dominion Energy,46.96,47.13,46.35,+0.31,+0.66%,1.65M,24/11,
,Tapestry,30.58,30.58,30.3,+0.19,+0.63%,1.65M,24/11,
,United Parcel Service,152.03,152.04,150.75,+1.28,+0.85%,1.64M,24/11,
,DISH Network,3.66,3.7,3.6,+0.01,+0.27%,1.63M,24/11,
,Visa A,254.3,254.7,253.5,+0.58,+0.23%,1.62M,24/11,
,MetLife,63.55,63.96,63.13,+0.58,+0.92%,1.61M,24/11,
,Mitsubishi UFJ Financial ADR,8.53,8.57,8.49,+0.010,+0.12%,1.60M,24/11,
,Texas Instruments,153.59,154.43,153.16,-0.34,-0.22%,1.60M,24/11,
,Microchip,83.26,83.31,82.16,+0.80,+0.97%,1.59M,24/11,
,NetEase,115.41,115.43,112.36,-1.35,-1.16%,1.58M,24/11,
,General Electric,119.97,120.35,119.68,+0.37,+0.31%,1.58M,24/11,
,Geron,1.97,2.02,1.94,+0.0200,+1.03%,1.57M,24/11,
,Dell Tech,74.44,75.05,74.17,-0.23,-0.31%,1.56M,24/11,
,BlackBerry,3.65,3.66,3.59,+0.03,+0.69%,1.55M,24/11,
,Bank of NY Mellon,47.35,47.47,47.04,+0.13,+0.28%,1.55M,24/11,
,Franklin Resources,23.82,23.98,23.76,-0.06,-0.25%,1.52M,24/11,
,Bath & Body Works,30.03,30.19,29.68,+0.42,+1.42%,1.50M,24/11,
,Johnson Controls,52.4,52.81,52.33,-0.32,-0.61%,1.49M,24/11,
,AIG,65.21,65.72,65.02,+0.24,+0.37%,1.46M,24/11,
,Duke Energy,90.74,90.79,89.92,+0.38,+0.42%,1.45M,24/11,
,Nov,19.07,19.32,19.02,+0.12,+0.63%,1.45M,24/11,
,APA Corp,36.88,37.07,36.47,+0.32,+0.88%,1.44M,24/11,
,SunPower,4.18,4.28,4.14,-0.05,-1.18%,1.43M,24/11,
,Western Union,12.06,12.11,11.86,+0.12,+1.00%,1.42M,24/11,
,Cognizant A,71.17,71.5,70.93,+0.29,+0.41%,1.41M,24/11,
,Mosaic,36.41,36.94,36.1,+0.40,+1.11%,1.38M,24/11,
,Netflix,479.56,480.4,475.2,+1.56,+0.33%,1.37M,24/11,
,MGM,40.22,40.36,39.84,-0.13,-0.32%,1.36M,24/11,
,Xcel Energy,60.52,60.59,60.04,+0.09,+0.15%,1.36M,24/11,
,Eli Lilly,601.1,603.5,596.98,+6.01,+1.01%,1.34M,24/11,
,EOG Resources,123.5,124.17,122.57,+0.33,+0.27%,1.32M,24/11,
,UBS Group,26.33,26.49,26.32,+0.24,+0.92%,1.31M,24/11,
,Lowe’s,199.07,199.41,196.23,+0.59,+0.30%,1.31M,24/11,
,Dentsply,31.32,31.42,30.98,-0.04,-0.13%,1.29M,24/11,
,Baxter,36.02,36.24,35.82,+0.15,+0.42%,1.29M,24/11,
,Conagra Brands,28.49,28.56,28.29,+0.16,+0.56%,1.29M,24/11,
,Alcoa,26.24,26.56,26.16,-0.14,-0.53%,1.28M,24/11,
,Deere&Company,370.19,371.39,366.84,-0.57,-0.15%,1.28M,24/11,
,Prologis,112.0,112.03,110.79,+0.46,+0.41%,1.28M,24/11,
,Danaher,221.41,222.38,220.59,+0.11,+0.05%,1.28M,24/11,
,Berkshire Hathaway B,362.68,363.19,361.24,+0.88,+0.24%,1.28M,24/11,
,General Mills,65.18,65.19,64.63,+0.31,+0.48%,1.26M,24/11,
,CenterPoint Energy,27.93,27.93,27.68,+0.14,+0.50%,1.26M,24/11,
,Home Depot,310.7,311.38,308.31,+1.50,+0.49%,1.26M,24/11,
,Paramount Global B,14.21,14.3,14.12,+0.05,+0.35%,1.26M,24/11,
,Marathon Petroleum,149.5,151.51,149.36,+0.29,+0.19%,1.26M,24/11,
,Nomura ADR,4.09,4.12,4.09,-0.060,-1.45%,1.24M,24/11,
,BioCryst,5.52,5.64,5.33,+0.15,+2.79%,1.24M,24/11,
,Tyson Foods,48.3,48.64,47.53,+0.29,+0.60%,1.23M,24/11,
,Agilent Technologies,126.62,126.77,123.48,+2.63,+2.12%,1.23M,24/11,
,GameStop Corp,12.2,12.41,12.18,-0.09,-0.73%,1.23M,24/11,
,McDonald’s,282.54,282.59,281.03,+0.61,+0.22%,1.22M,24/11,
,DTE Energy,105.37,105.93,104.64,+0.71,+0.68%,1.22M,24/11,
,Public Service Enterprise,65.09,65.18,64.57,+0.44,+0.68%,1.20M,24/11,
,Valero Energy,124.96,127.2,124.58,-0.40,-0.32%,1.20M,24/11,
,Newell Brands,7.49,7.53,7.38,-0.02,-0.27%,1.20M,24/11,
,Hormel Foods,32.72,32.91,32.62,+0.13,+0.40%,1.19M,24/11,
,Archer-Daniels-Midland,74.3,75.33,74.11,-0.03,-0.04%,1.17M,24/11,
,News Corp A,22.01,22.08,21.85,+0.06,+0.27%,1.17M,24/11,
,NRG,45.89,45.89,45.29,+0.06,+0.13%,1.16M,24/11,
,Liberty Global,16.19,16.22,15.82,+0.36,+2.27%,1.15M,24/11,
,Colgate-Palmolive,77.31,77.48,77.02,+0.03,+0.04%,1.15M,24/11,
,Emerson,88.51,88.97,88.31,-0.33,-0.37%,1.14M,24/11,
,American Electric Power,78.5,78.5,77.83,+0.25,+0.32%,1.14M,24/11,
,Agnico Eagle Mines,49.82,50.15,49.58,+0.24,+0.48%,1.14M,24/11,
,UnitedHealth,547.1,547.59,542.81,+3.34,+0.61%,1.13M,24/11,
,Gevo,1.18,1.2,1.15,+0.020,+1.72%,1.13M,24/11,
,Analog Devices,183.05,183.39,182.21,+0.38,+0.21%,1.12M,24/11,
,Southern,69.61,69.82,69.31,+0.02,+0.03%,1.12M,24/11,
,Fiserv,125.8,126.27,125.48,+0.35,+0.28%,1.11M,24/11,
,Kimco Realty,18.71,18.83,18.62,-0.04,-0.21%,1.11M,24/11,
,First Solar,154.38,159.08,154.17,-5.34,-3.34%,1.11M,24/11,
,Goodyear Tire & Rubber Co,14.1,14.24,14.04,0.01,0.07%,1.09M,24/11,
,FirstEnergy,37.64,37.7,37.43,+0.10,+0.27%,1.09M,24/11,
,Honeywell,193.41,193.71,192.41,+1.10,+0.57%,1.07M,24/11,
,3M,95.95,95.98,95.12,+0.58,+0.61%,1.06M,24/11,
,Coherus BioSciences,2.06,2.13,2.01,+0.04,+1.98%,1.06M,24/11,
,IPG,30.62,30.69,30.3,+0.15,+0.49%,1.05M,24/11,
,ONEOK,67.32,67.39,66.64,+0.66,+0.99%,1.05M,24/11,
,Union Pacific,224.28,224.99,223.13,+0.79,+0.35%,1.04M,24/11,
,Dollar Tree,117.32,117.64,115.03,+1.75,+1.51%,1.04M,24/11,
,SSR Mining,11.32,11.4,11.24,+0.06,+0.53%,1.03M,24/11,
,Sysco,72.15,72.41,71.92,+0.12,+0.17%,1.02M,24/11,
,Wynn Resorts,88.31,88.32,86.89,+0.78,+0.89%,1.01M,24/11,
,Fifth Third,27.25,27.42,27.05,+0.06,+0.22%,1.00M,24/11,
,Mastercard,412.5,412.97,410.53,+2.17,+0.53%,1.00M,24/11,
,Caterpillar,247.36,248.9,246.7,+1.35,+0.55%,981.57K,24/11,
,Corning,28.2,28.31,28.06,+0.04,+0.14%,976.65K,24/11,
,Blackstone,107.0,107.05,106.04,+0.22,+0.21%,975.15K,24/11,
,Weyerhaeuser,31.94,31.99,31.76,-0.05,-0.16%,967.93K,24/11,
,Flex,26.37,26.37,26.08,+0.05,+0.19%,966.65K,24/11,
,Eversource Energy,59.26,59.61,58.95,-0.27,-0.45%,946.55K,24/11,
,American Express,164.42,165.22,163.97,+0.63,+0.38%,936.61K,24/11,
,Adobe,619.43,619.44,613.6,-0.29,-0.05%,936.43K,24/11,
,O-I Glass,14.88,14.95,14.79,+0.07,+0.47%,927.07K,24/11,
,Welltower,89.62,89.72,88.1,+0.92,+1.04%,920.02K,24/11,
,Estee Lauder,123.91,124.84,122.86,+1.28,+1.04%,919.44K,24/11,
,Juniper,27.33,27.33,27.0,+0.29,+1.07%,918.84K,24/11,
,Kellanova,53.47,53.51,53.0,+0.49,+0.92%,913.71K,24/11,
,Aflac,82.94,83.45,82.49,+0.51,+0.62%,895.08K,24/11,
,Amphenol,90.36,90.36,89.94,+0.27,+0.30%,890.24K,24/11,
,Fastenal,60.96,61.17,60.83,+0.09,+0.15%,882.94K,24/11,
,Nasdaq Inc,55.3,55.4,55.01,+0.17,+0.31%,879.51K,24/11,
,Hologic,71.74,71.94,71.31,-0.44,-0.61%,876.60K,24/11,
,Mattel,18.77,18.78,18.41,+0.22,+1.19%,870.50K,24/11,
,Wolfspeed,34.27,34.31,33.04,+0.73,+2.18%,865.87K,24/11,
,CMS Energy,57.59,57.59,56.96,+0.52,+0.91%,858.23K,24/11,
,CNX Resources,21.21,21.44,21.1,-0.02,-0.09%,853.16K,24/11,
,Golar,21.49,21.93,21.39,+0.09,+0.42%,852.73K,24/11,
,Ross Stores,131.09,131.99,130.42,+0.11,+0.08%,852.08K,24/11,
,NXP,200.12,200.77,198.48,+0.54,+0.27%,834.98K,24/11,
,Equity Residential,56.83,56.85,56.29,+0.34,+0.60%,798.92K,24/11,
,State Street,70.38,70.56,69.7,+0.50,+0.72%,797.72K,24/11,
,Autodesk,203.42,203.57,201.23,+0.76,+0.38%,796.80K,24/11,
,Cresud SACIF,8.94,9.44,8.92,-0.070,-0.78%,796.30K,24/11,
,ICE,114.39,114.76,113.77,+0.07,+0.06%,795.91K,24/11,
,Wipro ADR,4.7,4.71,4.67,-0.050,-1.05%,794.21K,24/11,
,Banc of California,12.38,12.49,12.24,-0.06,-0.48%,782.24K,24/11,
,Becton Dickinson,238.89,238.9,236.41,+2.09,+0.88%,780.79K,24/11,
,Chubb,227.04,228.96,226.45,+0.37,+0.16%,768.09K,24/11,
,Simon Property,120.84,121.5,119.96,-0.26,-0.21%,767.56K,24/11,
,Apartment Invest,6.85,6.89,6.735,+0.100,+1.48%,749.56K,24/11,
,International Paper,32.93,33.2,32.83,+0.01,+0.03%,747.12K,24/11,
,Chimera Investment,5.04,5.09,5.02,-0.02,-0.40%,742.92K,24/11,
,HDFC Bank ADR,59.5,59.53,58.97,+0.86,+1.47%,736.30K,24/11,
,Amicus,10.59,10.76,10.52,-0.050,-0.47%,735.30K,24/11,
,Viavi Solutions,8.06,8.06,7.9,+0.14,+1.77%,726.73K,24/11,
,DuPont De Nemours,71.52,71.74,71.03,+0.21,+0.29%,725.92K,24/11,
,Expedia,136.42,137.16,134.82,-0.47,-0.34%,723.24K,24/11,
,Ventas,45.11,45.37,44.28,+0.41,+0.92%,722.85K,24/11,
,Clean Energy,3.48,3.53,3.44,-0.01,-0.29%,717.79K,24/11,
,Abercrombie&Fitch,73.31,74.0,72.13,+0.50,+0.69%,714.92K,24/11,
,Campbell Soup,41.15,41.22,40.96,+0.19,+0.46%,711.07K,24/11,
,Accenture,334.04,334.9,332.09,+0.91,+0.27%,708.47K,24/11,
,Thermo Fisher Scientific,490.78,491.03,486.81,+3.25,+0.67%,702.38K,24/11,
,Marriott Int,208.93,210.43,208.65,-1.02,-0.49%,702.03K,24/11,
,Sealed Air,33.54,33.75,32.93,+0.50,+1.51%,698.47K,24/11,
,Marsh McLennan,200.93,201.96,200.76,+0.76,+0.38%,697.75K,24/11,
,Hess,145.41,146.24,144.28,+1.01,+0.70%,693.97K,24/11,
,WEC Energy,81.6,81.72,80.96,+0.12,+0.15%,692.02K,24/11,
,DXC Technology,23.07,23.29,23.02,+0.01,+0.04%,690.11K,24/11,
,Pioneer Natural,237.69,239.54,235.66,+1.44,+0.61%,689.68K,24/11,
,Progressive,163.72,164.1,163.14,+1.11,+0.68%,680.01K,24/11,
,Ingersoll Rand,71.33,71.33,70.6,+0.62,+0.88%,674.86K,24/11,
,DR Horton,127.48,127.65,126.67,+0.46,+0.36%,669.82K,24/11,
,Assertio Therapeutics,1.22,1.27,1.205,-0.0200,-1.61%,665.72K,24/11,
,Amgen,265.46,266.1,264.89,+0.87,+0.33%,661.92K,24/11,
,T Rowe,98.28,98.28,97.42,+0.52,+0.53%,660.19K,24/11,
,Vertex,353.04,355.41,350.44,-0.19,-0.05%,658.71K,24/11,
,Prudential Financial,95.74,96.32,95.15,+0.62,+0.65%,657.56K,24/11,
,Hershey Co,191.68,192.71,189.81,+0.07,+0.04%,650.00K,24/11,
,ADP,230.66,231.98,229.1,-0.49,-0.21%,649.34K,24/11,
,Seagate,76.08,76.44,75.64,-0.47,-0.61%,647.46K,24/11,
,NCR,16.2,16.2,15.9,+0.10,+0.65%,646.36K,24/11,
,Ameren,77.17,77.36,76.55,+0.17,+0.22%,646.31K,24/11,
,Costco,591.36,594.2,590.41,+2.28,+0.39%,645.69K,24/11,
,Stanley Black Decker,91.41,91.63,89.36,+1.67,+1.86%,643.75K,24/11,
,PNC Financial,128.7,129.21,127.15,+0.75,+0.59%,640.82K,24/11,
,Range Resources,33.46,33.86,33.02,+0.02,+0.06%,635.11K,24/11,
,Green Plains Energy,24.39,24.95,24.17,-0.14,-0.57%,627.51K,24/11,
,American Tower,199.32,199.33,196.4,+0.53,+0.27%,614.05K,24/11,
,Kimberly-Clark,122.43,122.7,121.71,+0.11,+0.09%,613.73K,24/11,
,America Movil ADR,18.08,18.14,17.62,+0.45,+2.55%,613.33K,24/11,
,PulteGroup,88.1,88.17,87.24,+0.16,+0.18%,613.29K,24/11,
,Ballard,3.46,3.53,3.45,-0.04,-1.14%,610.75K,24/11,
,Harley-Davidson,30.5,30.71,30.16,+0.32,+1.06%,607.24K,24/11,
,Norfolk Southern,215.86,216.11,213.4,+1.95,+0.91%,606.05K,24/11,
,Zimmer Biomet,113.43,114.17,113.22,-0.40,-0.35%,605.49K,24/11,
,IFF,74.73,75.38,74.66,-0.26,-0.35%,603.15K,24/11,
,Consolidated Communications,4.19,4.245,4.19,-0.030,-0.71%,600.57K,24/11,
,Vornado,21.79,22.07,21.45,-0.09,-0.41%,595.36K,24/11,
,Intuitive Surgical,318.01,318.26,316.0,+2.21,+0.70%,586.98K,24/11,
,RPC,7.41,7.44,7.3,+0.090,+1.23%,586.48K,24/11,
,Brown Forman,59.75,59.89,59.16,+0.20,+0.34%,585.68K,24/11,
,Big Lots,4.14,4.2,3.93,+0.11,+2.73%,584.91K,24/11,
,Intuit,564.07,564.91,560.05,-0.16,-0.03%,584.70K,24/11,
,Electronic Arts,136.6,136.81,135.76,+0.48,+0.35%,583.93K,24/11,
,Xerox,13.83,13.86,13.61,+0.20,+1.47%,583.93K,24/11,
,Coca-Cola European,61.24,61.51,61.03,+0.23,+0.38%,580.50K,24/11,
,Zions,34.35,34.78,34.13,-0.06,-0.17%,579.84K,24/11,
,CoStar,84.78,84.8,83.31,+0.93,+1.11%,576.73K,24/11,
,Wheaton Precious Metals,47.45,47.87,47.3,+0.18,+0.38%,576.46K,24/11,
,BGC Partners,6.67,6.675,6.595,+0.030,+0.45%,570.97K,24/11,
,Amkor,27.68,28.08,27.58,-0.05,-0.18%,568.73K,24/11,
,Cognex,37.04,37.41,36.5,+0.22,+0.60%,565.43K,24/11,
,Loews,69.3,69.37,68.57,+0.80,+1.17%,563.84K,24/11,
,Cadence Design,270.61,270.61,265.72,+0.26,+0.10%,563.75K,24/11,
,Ball,54.25,54.65,53.6,+0.66,+1.23%,560.65K,24/11,
,Pinnacle West,73.26,73.98,72.91,-0.39,-0.53%,559.47K,24/11,
,Cutera,1.96,2.09,1.87,-0.06,-2.97%,557.34K,24/11,
,Yum! Brands,128.51,129.08,127.84,-0.43,-0.33%,555.56K,24/11,
,McCormick&Co,66.44,66.97,65.82,+0.29,+0.44%,553.49K,24/11,
,Waste Management,172.01,172.82,171.12,+0.24,+0.14%,550.61K,24/11,
,Paychex,118.5,119.32,118.23,-0.45,-0.38%,548.15K,24/11,
,Cencora Inc,201.2,201.48,199.48,+1.52,+0.76%,546.16K,24/11,
,Honda Motor ADR,31.63,31.7,31.45,+0.41,+1.31%,545.87K,24/11,
,Ryanair ADR,117.46,118.01,116.08,-0.07,-0.06%,542.58K,24/11,
,Take-Two,156.32,156.54,155.43,+0.44,+0.28%,538.75K,24/11,
,Ebix,4.65,4.79,4.58,+0.05,+1.09%,537.25K,24/11,
,Southern Copper,74.21,75.07,73.95,-1.02,-1.36%,533.42K,24/11,
,Cardinal Health,106.27,106.42,105.7,+0.39,+0.37%,531.42K,24/11,
,ACADIA,22.29,22.3,21.86,+0.30,+1.36%,528.99K,24/11,
,Columbia Banking,21.99,22.0,21.72,+0.11,+0.50%,528.69K,24/11,
,Eaton,228.72,230.35,228.14,-0.19,-0.08%,526.21K,24/11,
,Jacobs Engineering,123.2,124.17,122.93,-0.76,-0.61%,526.13K,24/11,
,Builders FirstSource,134.6,135.34,132.58,+1.12,+0.84%,524.56K,24/11,
,Capital One Financial,106.57,107.36,106.23,-0.20,-0.19%,524.05K,24/11,
,CME Group,217.19,217.63,215.88,+0.84,+0.39%,522.19K,24/11,
,Boston Properties,53.71,54.2,53.35,-0.27,-0.50%,520.54K,24/11,
,Grifols ADR,9.88,9.97,9.76,+0.22,+2.28%,520.09K,24/11,
,News Corp,22.94,22.99,22.74,+0.10,+0.44%,514.92K,24/11,
,H&R Block,47.16,47.18,46.84,+0.38,+0.81%,512.87K,24/11,
,Option Care Health,30.2,30.45,30.05,+0.04,+0.13%,508.63K,24/11,
,Expeditors Washington,118.21,118.58,117.46,+0.16,+0.14%,506.91K,24/11,
,Genworth,5.89,5.94,5.88,-0.010,-0.17%,506.61K,24/11,
,Consolidated Edison,90.96,91.0,90.06,+0.44,+0.49%,504.81K,24/11,
,Lincoln National,24.06,24.19,23.78,+0.05,+0.21%,502.05K,24/11,
,PACCAR,92.0,92.01,91.12,+0.76,+0.83%,499.80K,24/11,
,FMC,53.09,53.89,52.88,-0.03,-0.06%,497.70K,24/11,
,Entegris,103.87,104.62,102.85,+0.68,+0.66%,493.86K,24/11,
,CarMax,64.16,64.33,63.35,+0.30,+0.47%,490.66K,24/11,
,Essential Utilities,35.33,35.33,34.87,+0.37,+1.06%,490.11K,24/11,
,DaVita,99.26,100.29,98.56,-0.22,-0.22%,488.68K,24/11,
,Align,219.48,220.95,217.79,+2.19,+1.01%,487.28K,24/11,
,SLM,14.38,14.44,14.27,+0.02,+0.14%,485.35K,24/11,
,L3Harris Technologies,191.01,191.01,188.05,+3.18,+1.69%,482.32K,24/11,
,Hasbro,46.15,46.2,45.54,+0.53,+1.16%,482.07K,24/11,
,MGIC Investment,17.66,17.68,17.6,+0.10,+0.57%,477.18K,24/11,
,Associated Banc-Corp,17.73,17.8,17.57,+0.05,+0.28%,474.33K,24/11,
,Teradyne,92.49,92.81,92.15,+0.16,+0.17%,472.34K,24/11,
,Hartford,78.15,78.67,77.68,+0.40,+0.51%,470.26K,24/11,
,Cerus,1.65,1.685,1.61,0.000,0.00%,469.50K,24/11,
,Alkermes Plc,24.39,24.74,24.36,0.01,0.04%,468.78K,24/11,
,Northern Trust,76.36,76.67,75.55,+0.21,+0.28%,468.36K,24/11,
,NetApp,78.34,78.36,77.73,+0.35,+0.45%,466.02K,24/11,
,JM Smucker,113.27,113.93,112.97,-0.04,-0.04%,462.02K,24/11,
,Gentex,31.23,31.27,31.03,+0.17,+0.55%,460.75K,24/11,
,Goldman Sachs,339.15,340.27,337.64,+0.51,+0.15%,460.10K,24/11,
,Dynavax,13.56,13.7,13.49,+0.080,+0.59%,458.16K,24/11,
,Unum,43.17,43.43,42.93,+0.44,+1.03%,456.97K,24/11,
,Equifax,210.74,211.32,209.01,+0.20,+0.10%,454.16K,24/11,
,Alphatecs,11.87,11.98,11.72,+0.09,+0.76%,452.25K,24/11,
,Seagen,214.45,215.0,212.97,+1.38,+0.65%,449.85K,24/11,
,Bausch Health,6.93,6.99,6.9,+0.07,+0.95%,449.35K,24/11,
,FedEx,257.61,259.21,256.46,+1.15,+0.45%,447.34K,24/11,
,The Hain Celestial,11.03,11.21,10.92,+0.12,+1.10%,446.86K,24/11,
,Allstate,136.61,136.96,135.86,+0.52,+0.38%,443.21K,24/11,
,Clorox,141.19,141.39,139.82,+0.68,+0.48%,442.37K,24/11,
,Crocs,94.59,94.86,93.39,+0.89,+0.95%,437.52K,24/11,
,Performance Shipping,2.3,2.36,2.12,+0.1800,+8.49%,437.37K,24/11,
,Akamai,113.65,113.84,112.93,+0.08,+0.07%,435.62K,24/11,
,Nucor,157.16,157.99,155.72,-0.24,-0.15%,434.99K,24/11,
,Lennar,127.63,128.01,126.77,+0.20,+0.16%,426.92K,24/11,
,Fortress Biotech,2.2,2.43,2.19,0.0000,0.00%,426.19K,24/11,
,Molson Coors Brewing B,59.99,60.25,59.88,-0.01,-0.02%,425.10K,24/11,
,Moody’s,362.38,364.96,361.22,-2.17,-0.60%,425.03K,24/11,
,Tupperware Brands,1.68,1.69,1.6407,+0.0100,+0.60%,421.93K,24/11,
,Edison,65.85,65.88,65.42,-0.05,-0.08%,419.24K,24/11,
,Tenet Healthcare,68.0,68.13,67.09,+0.27,+0.40%,417.26K,24/11,
,AvalonBay,173.37,173.37,171.53,+0.85,+0.49%,414.80K,24/11,
,Catalyst Pharmaceuticals,14.06,14.09,13.81,+0.200,+1.44%,413.46K,24/11,
,Nustar,18.66,18.82,18.43,+0.32,+1.74%,412.15K,24/11,
,Whirlpool,109.18,109.18,107.46,+0.27,+0.25%,412.12K,24/11,
,Cigna,287.85,290.78,287.33,-0.46,-0.16%,409.46K,24/11,
,Steel Dynamics,111.5,112.97,111.14,-1.20,-1.06%,406.65K,24/11,
,Principal Financial,72.65,72.89,72.16,+0.40,+0.55%,402.15K,24/11,
,Comerica,43.76,44.14,43.41,+0.13,+0.30%,400.45K,24/11,
,Darden Restaurants,156.01,157.25,155.37,-0.46,-0.29%,399.40K,24/11,
,Travelers,177.54,178.6,176.57,+1.46,+0.83%,399.20K,24/11,
,Air Products,274.5,276.65,274.5,+0.23,+0.08%,398.53K,24/11,
,Extreme,16.42,16.42,16.18,+0.04,+0.24%,398.49K,24/11,
,Biogen,231.95,232.47,229.37,+0.70,+0.30%,396.39K,24/11,
,Sarepta,82.87,84.23,82.28,-0.90,-1.07%,394.76K,24/11,
,Murphy Oil,43.02,43.39,42.28,+0.55,+1.29%,394.44K,24/11,
,S&P Global,415.02,415.9,412.76,-0.08,-0.02%,389.91K,24/11,
,Genuine Parts,137.4,138.41,137.4,-0.37,-0.27%,389.40K,24/11,
,Jabil Circuit,131.17,131.25,130.1,+0.67,+0.51%,389.21K,24/11,
,Omnicom,80.09,80.09,79.14,+0.73,+0.92%,387.47K,24/11,
,CH Robinson,82.51,82.74,81.86,-0.23,-0.28%,387.40K,24/11,
,Fluor,37.9,38.02,37.73,-0.03,-0.08%,386.89K,24/11,
,Ferroglobe,4.98,5.025,4.89,+0.040,+0.81%,386.56K,24/11,
,StealthGas,6.85,6.97,6.71,+0.160,+2.39%,386.15K,24/11,
,Iron Mountain,63.21,63.44,62.71,-0.08,-0.13%,385.44K,24/11,
,Stryker,293.64,295.16,292.8,-0.41,-0.14%,382.50K,24/11,
,Cytokinetics Inc,31.97,32.2,31.58,+0.06,+0.19%,380.34K,24/11,
,Quest Diagnostics,135.54,135.89,134.84,-0.21,-0.15%,379.40K,24/11,
,Masco,59.19,59.44,59.01,-0.09,-0.15%,377.63K,24/11,
,Magna Intl,54.73,55.08,54.23,+0.38,+0.70%,375.71K,24/11,
,Brookline Bancorp,9.42,9.5,9.28,+0.07,+0.75%,373.75K,24/11,
,Eastman Chemical,81.89,82.31,81.41,+0.46,+0.56%,373.70K,24/11,
,Newegg Commerce,0.97,0.99,0.95,+0.03,+2.97%,373.47K,24/11,
,Mizuho Financial ADR,3.44,3.45,3.42,-0.010,-0.29%,373.17K,24/11,
,Entergy,101.1,101.46,100.5,-0.09,-0.09%,372.14K,24/11,
,Coherent,36.17,36.39,35.85,+0.15,+0.42%,371.77K,24/11,
,Republic Services,160.4,160.41,159.23,+0.39,+0.24%,371.74K,24/11,
,Canadian Solar Inc,20.88,21.13,20.76,-0.10,-0.48%,369.74K,24/11,
,Fulton,14.13,14.18,14.0,+0.05,+0.36%,368.31K,24/11,
,Sherwin-Williams,275.83,276.81,274.85,+1.18,+0.43%,364.94K,24/11,
,Helmerich Payne,37.61,38.31,37.53,+0.08,+0.21%,364.82K,24/11,
,Travel + Leisure Co,37.42,37.9,37.25,-0.22,-0.58%,363.83K,24/11,
,Unisys,5.27,5.27,4.87,+0.41,+8.44%,362.99K,24/11,
,Aehr Test Systems,24.86,25.53,24.61,-0.620,-2.43%,360.34K,24/11,
,Site Centers,13.12,13.18,13.03,-0.03,-0.23%,359.54K,24/11,
,Capitol Federal,5.18,5.23,5.17,-0.01,-0.19%,358.85K,24/11,
,Sellas Life Sciences,1.05,1.08,1.0,+0.05,+5.00%,357.87K,24/11,
,Constellation Brands A,238.37,238.62,237.23,-0.67,-0.28%,357.38K,24/11,
,Leggett&Platt,23.34,23.41,23.11,+0.17,+0.73%,356.13K,24/11,
,PPG Industries,136.45,137.17,135.84,-0.19,-0.14%,355.91K,24/11,
,Cracker Barrel Old,78.34,79.0,77.34,+1.12,+1.45%,353.27K,24/11,
,F5 Networks,168.09,169.01,166.79,+1.02,+0.61%,349.61K,24/11,
,ATI Inc,44.14,44.24,43.6,+0.42,+0.96%,344.36K,24/11,
,Biomarin Pharma,88.19,89.37,88.14,-0.23,-0.26%,343.32K,24/11,
,Sony ADR,86.66,86.78,86.03,-0.93,-1.06%,342.18K,24/11,
,General Dynamics,247.83,248.55,247.44,+0.50,+0.20%,338.96K,24/11,
,CBRE A,79.01,79.02,77.97,+0.55,+0.70%,337.03K,24/11,
,Flowserve,38.2,38.31,37.82,+0.26,+0.69%,334.56K,24/11,
,Lockheed Martin,452.01,452.59,449.74,+1.61,+0.36%,326.13K,24/11,
,Carter’s,67.7,68.39,67.56,-0.44,-0.65%,325.84K,24/11,
,EXACT Sciences,65.99,66.44,65.16,+0.61,+0.93%,321.67K,24/11,
,Rockwell Automation,273.0,274.09,272.03,+0.20,+0.07%,315.33K,24/11,
,Discover,86.77,87.1,86.32,+0.30,+0.35%,314.56K,24/11,
,Jefferies Financial,35.06,35.22,34.92,+0.15,+0.43%,312.60K,24/11,
,Humana,518.26,520.79,514.45,+2.66,+0.52%,312.00K,24/11,
,IGT,27.17,27.36,26.99,+0.06,+0.22%,307.42K,24/11,
,Synovus,29.9,30.15,29.76,-0.03,-0.10%,306.53K,24/11,
,Arrowhead Pharma,29.12,29.7,28.77,+0.16,+0.55%,306.09K,24/11,
,Textron,78.39,78.52,78.01,+0.38,+0.49%,304.67K,24/11,
,Elevance Health,478.28,481.97,477.87,-1.69,-0.35%,303.73K,24/11,
,Ecolab,187.24,187.83,186.0,+0.59,+0.32%,299.44K,24/11,
,Public Storage,255.03,255.25,251.49,+0.31,+0.12%,297.76K,24/11,
,KLA Corp,555.64,557.22,551.47,+1.47,+0.27%,296.61K,24/11,
,FormFactor,38.02,38.37,37.6,+0.03,+0.08%,295.51K,24/11,
,Chart Industries,133.84,135.35,131.59,+1.09,+0.82%,294.99K,24/11,
,Lam Research,717.5,722.13,715.0,+0.04,+0.01%,294.18K,24/11,
,KB Home,53.07,53.18,52.71,+0.05,+0.09%,291.81K,24/11,
,Ralph Lauren A,124.54,124.56,122.88,+1.87,+1.52%,288.52K,24/11,
,Autoliv,102.47,103.6,102.28,+0.80,+0.79%,287.98K,24/11,
,Check Point Software,145.54,145.61,144.04,+2.11,+1.47%,287.29K,24/11,
,Illinois Tool Works,241.85,241.85,240.26,+1.15,+0.48%,284.80K,24/11,
,Daktronics,12.17,12.23,11.88,+0.260,+2.18%,284.58K,24/11,
,The Cheesecake,32.51,32.69,32.21,-0.13,-0.40%,284.52K,24/11,
,Cummins,225.49,226.29,223.52,+0.98,+0.44%,283.92K,24/11,
,CVB Financial,17.85,17.98,17.67,-0.05,-0.28%,281.65K,24/11,
,BlackRock,730.1,730.74,726.64,+2.96,+0.41%,279.62K,24/11,
,IAC/InterActiveCorp,48.47,48.74,48.21,+0.03,+0.06%,279.04K,24/11,
,Roper Technologies,525.59,528.61,524.7,-2.89,-0.55%,278.34K,24/11,
,Motorola,320.84,320.84,318.01,+1.32,+0.41%,275.91K,24/11,
,Veradigm,12.48,12.51,12.21,+0.24,+1.96%,275.83K,24/11,
,Ciena Corp,46.05,46.08,45.42,+0.31,+0.68%,275.79K,24/11,
,Brunswick,78.28,78.77,77.5,+0.22,+0.28%,275.08K,24/11,
,ADTRAN,5.41,5.44,5.33,+0.02,+0.37%,268.24K,24/11,
,Dover,139.69,139.71,138.25,+1.13,+0.82%,264.93K,24/11,
,Waters,280.39,280.87,275.4,+4.06,+1.47%,264.14K,24/11,
,Celldex Therapeutics,28.67,29.0,27.62,+0.92,+3.32%,262.78K,24/11,
,ACI Worldwide,26.22,26.22,24.76,+0.42,+1.63%,262.55K,24/11,
,ExlServices,28.25,28.35,28.09,+0.09,+0.32%,260.90K,24/11,
,Rambus,67.48,68.13,67.3,-0.03,-0.04%,260.09K,24/11,
,Cal-Maine,47.92,47.92,47.12,+0.60,+1.27%,256.99K,24/11,
,Asure,8.08,8.145,7.898,+0.185,+2.34%,256.63K,24/11,
,ITT,109.51,109.76,108.52,+0.71,+0.65%,255.82K,24/11,
,8x8,2.92,2.95,2.89,0.00,0.00%,255.40K,24/11,
,Aon,330.02,331.37,327.66,+1.04,+0.32%,250.47K,24/11,
,Halozyme,40.38,40.9,40.11,+0.27,+0.67%,247.06K,24/11,
,Standard Biotools,2.44,2.475,2.31,+0.070,+2.95%,245.67K,24/11,
,Lazard,27.57,27.79,27.14,+0.25,+0.92%,242.95K,24/11,
,Charter Communications,405.92,407.46,405.22,+0.64,+0.16%,242.74K,24/11,
,MBIA,7.35,7.49,7.27,+0.03,+0.41%,242.12K,24/11,
,Commerce Bancshares,50.45,50.49,49.82,+0.64,+1.28%,241.43K,24/11,
,Veru,1.01,1.02,0.96,+0.034,+3.44%,240.52K,24/11,
,Ionis Pharma,49.83,50.39,49.53,+0.25,+0.50%,240.00K,24/11,
,Athersys,0.02,0.02,0.018,0.0000,0.00%,238.31K,24/11,
,CalAmp,0.37,0.38,0.33,+0.01,+3.93%,235.48K,24/11,
,Axcelis,128.36,129.45,126.7,+0.23,+0.18%,235.40K,24/11,
,Azenta,57.66,58.16,56.86,+0.31,+0.54%,231.08K,24/11,
,JB Hunt,183.05,183.4,180.89,+1.91,+1.05%,230.89K,24/11,
,Henry Schein,69.67,69.8,69.05,+0.27,+0.39%,227.25K,24/11,
,NewYork Times,45.46,45.76,45.37,-0.10,-0.22%,222.97K,24/11,
,Pitney Bowes,3.94,4.0,3.91,0.000,0.00%,221.83K,24/11,
,Parker-Hannifin,433.67,435.17,430.05,+2.44,+0.57%,221.69K,24/11,
,Cirrus,76.24,77.34,75.54,+0.39,+0.51%,220.10K,24/11,
,Durect,0.66,0.66,0.6269,+0.0100,+1.54%,219.27K,24/11,
,VeriSign,213.23,215.2,212.85,-0.93,-0.43%,218.69K,24/11,
,Laboratory America,212.72,212.8,210.61,+1.12,+0.53%,215.86K,24/11,
,Toyota Motor ADR,188.3,188.5,187.17,+4.07,+2.21%,213.81K,24/11,
,Ashland Global,79.27,79.69,78.02,+1.20,+1.54%,212.38K,24/11,
,Weatherford,93.56,94.52,92.69,+1.03,+1.11%,212.32K,24/11,
,Terex,49.94,50.33,49.48,+0.39,+0.79%,211.33K,24/11,
,Ameriprise Financial,351.42,353.48,348.62,+0.90,+0.26%,211.29K,24/11,
,McKesson,461.37,462.27,458.34,+3.92,+0.86%,211.25K,24/11,
,Denny’s,9.68,9.79,9.6,-0.06,-0.62%,209.39K,24/11,
,Alpine Immune Sciences,14.54,14.68,13.87,+0.770,+5.59%,209.26K,24/11,
,Healthcare Services,10.01,10.13,9.87,+0.07,+0.70%,208.88K,24/11,
,Robert Half,81.26,81.83,81.22,-0.27,-0.33%,208.31K,24/11,
,Great Lakes Dredge&Dock,6.89,6.91,6.56,+0.32,+4.87%,205.88K,24/11,
,Globe Life,121.34,122.12,120.3,+0.97,+0.81%,205.08K,24/11,
,M&T Bank,125.62,126.06,124.34,+0.55,+0.44%,201.98K,24/11,
,Liveramp,33.5,33.99,33.44,-0.62,-1.82%,201.92K,24/11,
,Oshkosh,97.35,98.23,96.31,+1.06,+1.10%,200.61K,24/11,
,First Interstate BancSystem,25.43,25.45,25.06,+0.17,+0.67%,195.29K,24/11,
,Garmin,121.05,121.26,120.39,+0.68,+0.56%,193.17K,24/11,
,Northrop Grumman,471.52,473.61,470.34,+1.94,+0.41%,191.23K,24/11,
,Patterson,32.55,32.58,32.32,+0.24,+0.74%,189.59K,24/11,
,Teradata,47.27,47.31,46.9,+0.11,+0.23%,186.15K,24/11,
,QuickLogic,12.97,13.31,11.5,+1.200,+10.20%,183.53K,24/11,
,Axos Financial,38.35,39.15,38.32,-0.62,-1.59%,183.27K,24/11,
,Hope Bancorp,9.77,9.91,9.76,-0.07,-0.71%,181.99K,24/11,
,Federated Investors B,31.61,31.78,31.56,+0.02,+0.06%,179.78K,24/11,
,Cincinnati Financial,102.68,102.69,101.88,+0.64,+0.63%,178.25K,24/11,
,Arch Resources,163.62,166.93,161.17,+3.02,+1.88%,178.03K,24/11,
,Perdoceo Education,17.53,17.77,17.42,+0.17,+0.98%,176.72K,24/11,
,Overseas Shipholding,5.1,5.17,5.04,+0.090,+1.80%,173.54K,24/11,
,Charles&Colvard,0.4638,0.465,0.4281,+0.0289,+6.64%,172.61K,24/11,
,American Superconductor,9.36,9.39,8.82,+0.38,+4.23%,171.57K,24/11,
,Corcept,25.33,25.6,25.24,-0.01,-0.04%,171.45K,24/11,
,First Financial Bankshares,26.46,26.65,26.36,-0.15,-0.56%,169.80K,24/11,
,AtriCure,42.08,42.79,41.01,+0.28,+0.67%,166.70K,24/11,
,East West Bancorp,61.03,61.46,60.89,+0.05,+0.08%,166.58K,24/11,
,Vulcan Materials,211.68,212.48,210.72,-0.22,-0.10%,166.06K,24/11,
,Destination XL Group,4.01,4.025,3.973,0.000,0.00%,165.83K,24/11,
,Accuray,2.78,2.825,2.72,+0.030,+1.09%,164.72K,24/11,
,Adtalem Education,57.48,57.5,56.77,+0.44,+0.77%,164.52K,24/11,
,ANSYS,297.9,298.14,293.72,-0.62,-0.21%,162.89K,24/11,
,Gladstone Commercial,12.66,12.68,12.36,+0.28,+2.30%,162.47K,24/11,
,Camtek,64.19,65.14,63.38,+0.48,+0.75%,161.74K,24/11,
,Assurant,165.8,165.8,163.24,+2.58,+1.58%,158.77K,24/11,
,Enzon,0.1199,0.12,0.1135,+0.0056,+4.95%,158.23K,24/11,
,AutoNation,135.05,135.38,132.75,+1.65,+1.24%,157.14K,24/11,
,Codexis,2.03,2.05,1.92,+0.07,+3.57%,156.76K,24/11,
,Columbia Sportswear,75.43,75.47,74.55,+0.54,+0.72%,153.60K,24/11,
,BioLineRx,1.49,1.545,1.49,-0.030,-1.97%,153.21K,24/11,
,Sandridge Energy,14.51,14.64,14.36,+0.090,+0.62%,150.06K,24/11,
,Allegiant,69.63,69.79,67.31,+1.82,+2.68%,149.75K,24/11,
,Sprott Physical Gold and Silver Trust,18.82,18.82,18.74,+0.27,+1.46%,148.51K,24/11,
,Big 5,5.73,5.79,5.58,+0.11,+1.96%,144.65K,24/11,
,Amedisys,93.75,94.0,93.75,-0.14,-0.15%,144.50K,24/11,
,Alnylam,162.92,166.23,162.27,+0.04,+0.02%,142.98K,24/11,
,Energy Recovery,19.5,19.65,19.3,+0.13,+0.67%,141.99K,24/11,
,BJs Restaurants,30.64,31.31,30.37,-0.13,-0.42%,141.67K,24/11,
,G-III Apparel,28.27,28.39,27.55,+0.63,+2.28%,139.74K,24/11,
,Snap-On,275.14,276.37,274.6,+0.47,+0.17%,138.56K,24/11,
,Hancock Whitney,40.83,40.87,40.17,+0.34,+0.84%,137.36K,24/11,
,Cohu,32.67,32.88,32.2,-0.01,-0.03%,135.74K,24/11,
,Eagle Bulk Shipping,44.22,44.8,42.99,+1.35,+3.15%,134.99K,24/11,
,Rogers Communications,43.4,43.41,42.93,+0.54,+1.26%,134.16K,24/11,
,Ryder System,107.55,107.81,106.5,+1.20,+1.13%,133.05K,24/11,
,Capital Southwest,22.6,22.61,22.42,+0.18,+0.80%,132.16K,24/11,
,Avery Dennison,189.74,190.4,188.82,-0.06,-0.03%,132.02K,24/11,
,Acadia Healthcare,73.57,73.75,72.6,+0.59,+0.81%,130.65K,24/11,
,Cogent,66.3,66.58,65.63,+0.36,+0.55%,130.61K,24/11,
,Beacon Roofing,83.09,83.48,81.84,+0.58,+0.70%,130.59K,24/11,
,Middleby Corp,125.24,125.52,123.4,+1.42,+1.15%,129.49K,24/11,
,Cross Country,20.9,21.31,20.71,+0.03,+0.14%,128.48K,24/11,
,Glacier,32.88,32.98,32.39,+0.35,+1.08%,126.45K,24/11,
,Hudson,12.87,12.954,12.629,+0.190,+1.50%,124.47K,24/11,
,Delcath Systems,2.99,3.02,2.86,+0.10,+3.46%,123.35K,24/11,
,Inotiv,2.84,2.84,2.35,+0.51,+21.89%,123.00K,24/11,
,Clarus,5.37,5.44,5.22,+0.14,+2.78%,122.50K,24/11,
,Stericycle,45.39,45.41,44.87,+0.07,+0.15%,121.77K,24/11,
,AngioDynamics,6.98,7.01,6.82,+0.13,+1.90%,120.60K,24/11,
,GTX Inc,0.3704,0.375,0.331,+0.0405,+12.28%,120.31K,24/11,
,Avadel Pharma,11.46,11.79,11.44,+0.030,+0.26%,119.39K,24/11,
,1-800 FLOWERS.COM,8.8,8.84,8.59,+0.16,+1.85%,118.94K,24/11,
,ASGN,90.94,91.48,90.18,+0.48,+0.53%,118.48K,24/11,
,Titan,13.41,13.44,13.14,+0.290,+2.21%,117.21K,24/11,
,Green Brick Partners Inc,47.69,47.89,47.26,-0.05,-0.10%,117.05K,24/11,
,Booking,3115.59,3137.17,3106.75,-14.41,-0.46%,115.88K,24/11,
,Ribbon Com,2.12,2.13,2.05,+0.050,+2.42%,115.48K,24/11,
,Royal Gold,117.19,117.74,116.41,+0.97,+0.83%,114.98K,24/11,
,Radware,15.38,15.61,15.05,+0.26,+1.72%,113.78K,24/11,
,Cintas,554.9,556.06,548.5,+0.08,+0.01%,112.22K,24/11,
,AeroVironment,133.37,134.34,131.2,+2.67,+2.04%,110.40K,24/11,
,Revvity,90.06,90.06,88.79,+0.58,+0.65%,109.65K,24/11,
,ADES,2.86,2.89,2.755,+0.150,+5.54%,107.64K,24/11,
,The Chefs Warehouse,26.97,27.35,26.45,+0.39,+1.47%,106.91K,24/11,
,Churchill Downs,120.72,121.14,120.11,+0.37,+0.31%,104.70K,24/11,
,DRDGOLD ADR,8.68,8.74,8.5,+0.10,+1.17%,104.13K,24/11,
,EZCORP,8.24,8.33,8.22,-0.040,-0.48%,103.98K,24/11,
,CEVA,22.46,22.65,22.1,+0.11,+0.49%,103.97K,24/11,
,Star Equity Holdings,1.06,1.09,1.0,+0.035,+3.41%,103.78K,24/11,
,Caseys,282.13,285.17,281.44,-2.47,-0.87%,103.21K,24/11,
,Advanced Energy,96.42,96.8,95.68,-0.08,-0.08%,103.20K,24/11,
,Acacia Research,3.72,3.78,3.72,-0.020,-0.53%,101.70K,24/11,
,Axon Enterprise,228.42,228.72,227.14,+1.55,+0.68%,101.57K,24/11,
,Color Star Technology Co,0.3076,0.325,0.2951,-0.0014,-0.45%,101.41K,24/11,
,Clearfield,26.56,27.05,26.45,-0.50,-1.85%,100.75K,24/11,
,O’Reilly Automotive,987.16,992.6,984.76,-4.30,-0.43%,97.61K,24/11,
,Alliance Resource,21.85,22.14,21.789,-0.040,-0.18%,95.73K,24/11,
,ODP,48.01,48.78,47.93,-0.60,-1.23%,95.64K,24/11,
,EW Scripps A,7.63,7.7,7.51,+0.06,+0.79%,94.80K,24/11,
,Casella,79.87,80.1,79.5,+0.33,+0.41%,94.01K,24/11,
,CONMED,108.91,109.98,107.68,+1.02,+0.95%,92.16K,24/11,
,Eltek,14.18,14.229,12.664,+1.520,+12.01%,91.19K,24/11,
,AAON,63.83,64.25,63.36,+0.29,+0.46%,89.27K,24/11,
,Euronet,87.39,87.96,86.92,-0.12,-0.14%,88.76K,24/11,
,EMCORE,0.3999,0.4024,0.3896,+0.0124,+3.20%,88.71K,24/11,
,Lamar,98.5,98.5,97.79,+0.26,+0.26%,88.42K,24/11,
,WW Grainger,812.3,813.86,806.55,+3.32,+0.41%,87.99K,24/11,
,Equinix,795.0,795.0,788.55,+0.65,+0.08%,87.77K,24/11,
,Shyft Group Inc,11.3,11.54,11.14,+0.11,+0.98%,87.45K,24/11,
,Compugen,0.64,0.678,0.63,-0.009,-1.31%,87.44K,24/11,
,CSG Systems,51.17,51.45,51.11,-0.19,-0.37%,87.25K,24/11,
,M/I Homes,105.58,105.96,104.08,+0.88,+0.84%,86.51K,24/11,
,CECO Environmental,19.92,20.118,19.757,+0.010,+0.05%,84.91K,24/11,
,Endo Int,0.0031,0.0031,0.0021,-0.0019,-38.00%,84.70K,24/11,
,First Financial Bancorp,20.38,20.53,20.3,-0.02,-0.10%,84.27K,24/11,
,Reliance Steel&Aluminum,268.0,268.51,266.75,+0.19,+0.07%,81.30K,24/11,
,Dr. Reddy’s Labs ADR,68.23,68.47,67.67,+0.57,+0.84%,80.88K,24/11,
,Educational Development,0.9,0.9,0.83,+0.06,+6.53%,80.81K,24/11,
,FirstCash,112.2,112.46,111.52,+0.78,+0.70%,80.56K,24/11,
,Taoping,1.51,1.54,1.475,+0.020,+1.34%,76.86K,24/11,
,American Software,9.7,9.81,9.56,-0.02,-0.21%,76.81K,24/11,
,Ameris,42.59,43.09,42.25,0.00,0.00%,74.66K,24/11,
,aTyr Pharma,1.21,1.21,1.17,+0.040,+3.42%,74.29K,24/11,
,Ceragon,1.81,1.83,1.75,+0.030,+1.69%,73.73K,24/11,
,Comtech,12.37,12.48,12.16,+0.22,+1.81%,72.40K,24/11,
,The Ensign,109.6,109.68,108.33,+1.07,+0.99%,72.05K,24/11,
,AcelRx,0.6899,0.6946,0.6103,+0.0500,+7.81%,71.74K,24/11,
,Nabors Industries,93.2,95.37,92.56,+0.64,+0.69%,70.80K,24/11,
,Diodes,68.71,69.02,68.28,+0.05,+0.07%,70.65K,24/11,
,Manitowoc,14.67,14.77,14.42,+0.22,+1.52%,70.41K,24/11,
,Sharing Economy,0.0009,0.0009,0.0001,+0.0008,+800.00%,69.70K,24/11,
,Cohen Steers,56.6,57.25,56.57,-0.05,-0.09%,69.59K,24/11,
,ArcBest Corp,121.65,123.57,121.39,-0.59,-0.48%,69.14K,24/11,
,Colliers International,108.38,109.0,107.2,+0.74,+0.69%,68.89K,24/11,
,Plus Therapeutics,1.63,1.8,1.63,-0.200,-10.93%,68.31K,24/11,
,Chipotle Mexican Grill,2219.67,2225.0,2204.0,+0.74,+0.03%,67.35K,24/11,
,Cathay,36.65,36.96,36.5,-0.03,-0.08%,65.68K,24/11,
,Forward Air,65.01,65.14,64.21,+0.29,+0.45%,64.89K,24/11,
,Sohu.Com,8.65,8.76,8.33,+0.33,+3.97%,64.73K,24/11,
,Enerpac Tool Group,27.95,28.04,27.84,+0.10,+0.36%,64.60K,24/11,
,Aviat,30.55,30.73,30.13,+0.16,+0.53%,64.17K,24/11,
,Exponent,77.58,78.29,77.0,-0.78,-1.00%,63.64K,24/11,
,Itron,66.55,66.58,66.03,+0.10,+0.15%,63.60K,24/11,
,Vericel Corp Ord,35.66,35.83,35.28,+0.17,+0.48%,63.59K,24/11,
,Central Garden&Pet A,36.11,36.3,35.71,+0.24,+0.67%,63.23K,24/11,
,Coca-Cola Femsa ADR,85.91,86.77,84.85,+0.51,+0.60%,62.97K,24/11,
,Gentherm,46.51,47.54,46.42,-0.12,-0.26%,62.94K,24/11,
,Cyclacel,0.3091,0.3095,0.27,+0.0294,+10.51%,62.30K,24/11,
,Computer Programs&Systems,11.08,11.34,10.98,+0.08,+0.73%,61.14K,24/11,
,Astronics,15.47,15.61,15.28,+0.08,+0.52%,61.10K,24/11,
,AMERISAFE,51.63,52.14,51.55,+0.20,+0.39%,58.98K,24/11,
,Eagle,23.72,24.05,23.58,-0.11,-0.46%,58.77K,24/11,
,Carver,2.26,2.32,1.95,+0.22,+10.78%,58.35K,24/11,
,IPG Photonics,95.31,95.91,95.01,-0.31,-0.32%,56.93K,24/11,
,Blackbaud,75.63,75.91,75.1,+0.10,+0.13%,56.89K,24/11,
,Harvard Bioscience,4.66,4.71,4.37,+0.310,+7.13%,55.98K,24/11,
,The Andersons,51.16,52.32,51.03,-0.65,-1.25%,55.20K,24/11,
,Cadiz,2.99,3.07,2.99,+0.01,+0.34%,54.85K,24/11,
,Nippon ADR,28.93,29.82,28.77,-0.18,-0.62%,53.07K,24/11,
,Motorcar Parts,9.95,10.12,9.76,+0.07,+0.71%,52.00K,24/11,
,Commercial Vehicle,6.36,6.41,6.3,+0.03,+0.47%,51.86K,24/11,
,Anika,21.22,21.22,20.55,+0.64,+3.11%,51.60K,24/11,
,Pathward Financial,49.71,49.79,49.25,+0.07,+0.14%,51.26K,24/11,
,EDAP,5.03,5.06,4.68,+0.230,+4.79%,51.22K,24/11,
,Berkshire Hills Bancorp,21.12,21.28,20.87,+0.07,+0.33%,50.55K,24/11,
,First Merchants,31.04,31.13,30.76,+0.11,+0.36%,49.50K,24/11,
,FARO,18.29,18.29,17.99,+0.02,+0.11%,49.13K,24/11,
,Franklin Electric,89.75,89.98,89.24,+0.31,+0.35%,48.48K,24/11,
,Digi,24.5,24.74,24.4,-0.09,-0.37%,47.83K,24/11,
,Broadwind,2.22,2.24,2.16,+0.030,+1.37%,47.78K,24/11,
,Calavo Growers,24.32,24.47,23.92,+0.28,+1.16%,47.73K,24/11,
,Dillards,348.57,349.48,342.3,+8.59,+2.53%,47.09K,24/11,
,Calumet,16.98,17.81,16.81,-0.680,-3.85%,45.41K,24/11,
,Dmc Global,16.24,16.49,16.15,+0.13,+0.81%,45.10K,24/11,
,AudioCodes,10.94,10.97,10.82,+0.04,+0.37%,43.57K,24/11,
,Yellow,1.97,2.125,1.97,+0.020,+1.03%,43.51K,24/11,
,BankFinancial,8.95,9.04,8.83,+0.05,+0.56%,43.38K,24/11,
,HCI Group Inc,87.41,87.9,85.92,+1.71,+2.00%,43.37K,24/11,
,Alimera,3.48,3.69,3.328,-0.020,-0.57%,43.30K,24/11,
,BOK Financial,71.39,72.43,70.75,-0.11,-0.15%,42.89K,24/11,
,Erie Indemnity,292.79,294.77,287.47,+3.84,+1.33%,42.35K,24/11,
,Novanta,144.41,145.67,143.26,+0.13,+0.09%,42.33K,24/11,
,Consolidated Water,36.08,36.36,35.66,+0.27,+0.75%,41.71K,24/11,
,Oi ADR Pref,0.0012,0.0012,0.0006,+0.0000,+0.00%,40.78K,21/11,
,Dorman,72.95,73.92,72.37,+0.23,+0.32%,40.49K,24/11,
,BIOLASE,1.24,1.27,1.2,+0.0200,+1.64%,40.48K,24/11,
,First Busey,21.09,21.35,21.06,-0.05,-0.24%,40.03K,24/11,
,Alpha & Omega Semiconductor,22.2,22.26,21.81,+0.21,+0.95%,38.84K,24/11,
,AutoZone,2688.0,2690.0,2666.84,+16.23,+0.61%,37.50K,24/11,
,First Citizens BancShares,1435.4,1445.27,1425.85,+16.02,+1.13%,37.47K,24/11,
,Conns,3.35,3.39,3.17,+0.14,+4.36%,36.58K,24/11,
,Forrester,25.47,25.68,24.86,+0.32,+1.27%,36.38K,24/11,
,Premier Financial,20.24,20.25,20.0,+0.25,+1.25%,35.70K,24/11,
,Janone,0.39,0.41,0.371,-0.009,-2.26%,35.34K,24/11,
,ATN Int,31.31,31.58,30.88,+0.28,+0.90%,35.21K,24/11,
,eHealth,7.7,7.87,7.7,-0.02,-0.26%,34.88K,24/11,
,ClearOne,0.809,0.811,0.78,+0.038,+4.93%,34.84K,24/11,
,Barrett,107.3,108.33,106.57,-0.57,-0.53%,34.81K,24/11,
,Hanmi,16.51,16.65,16.4,-0.04,-0.24%,34.26K,24/11,
,Horizon Bancorp,11.15,11.22,11.05,+0.06,+0.54%,34.25K,24/11,
,Astec,32.08,32.31,31.99,+0.31,+0.98%,34.19K,24/11,
,Agilysys,87.9,88.78,87.14,-0.26,-0.29%,34.17K,24/11,
,Fonar,19.5,19.75,19.14,+0.46,+2.42%,33.79K,24/11,
,First Bancorp,31.41,31.5,31.07,+0.17,+0.54%,33.43K,24/11,
,Central Garden&Pet,39.96,40.16,39.47,+0.40,+1.01%,33.05K,24/11,
,National Beverage,48.64,48.89,48.34,-0.23,-0.47%,32.59K,24/11,
,Curis,8.44,9.01,8.01,+0.0600,+0.72%,32.24K,24/11,
,Digimarc,32.72,33.15,32.17,+0.25,+0.77%,31.71K,24/11,
,Capital Product,14.32,14.32,14.12,+0.12,+0.85%,31.28K,24/11,
,Descartes Systems,81.53,81.74,80.88,+0.49,+0.60%,30.96K,24/11,
,LiNiu Tech,0.0,0.0,0.0,0.000,0.00%,30.33K,24/11,
,Ascent Solar,0.851,0.886,0.84,+-0.0036,+-0.42%,30.12K,24/11,
,DXP Enterprises,31.73,33.0,31.24,+0.63,+2.03%,30.07K,24/11,
,Frequency Electronics,9.16,9.3,8.92,+0.160,+1.78%,30.00K,24/11,
,Dime Community,20.51,20.71,20.43,+0.07,+0.34%,29.58K,24/11,
,Encore Capital,43.48,44.4,43.44,-0.51,-1.16%,28.78K,24/11,
,Euroseas,28.55,28.78,28.18,+0.36,+1.28%,28.54K,24/11,
,Flushing,14.07,14.16,13.92,+0.12,+0.86%,28.28K,24/11,
,Aeterna Zentaris,2.09,2.17,1.9,+0.2000,+10.58%,28.14K,24/11,
,Gaia Inc,2.69,2.71,2.65,+0.03,+1.13%,28.02K,24/11,
,German American Bancorp,29.23,29.47,28.91,+0.13,+0.45%,27.89K,24/11,
,First of Long Island,11.49,11.57,11.31,+0.13,+1.14%,27.74K,24/11,
,Arrow,24.6,24.65,24.09,+0.35,+1.44%,27.58K,24/11,
,ENGlobal,0.256,0.271,0.255,-0.010,-3.65%,27.49K,24/11,
,Enterprise Financial,38.49,38.55,38.17,+0.17,+0.44%,26.99K,24/11,
,Imunon,0.895,0.95,0.8701,-0.0011,-0.12%,26.46K,24/11,
,Banner,44.46,44.88,44.37,-0.08,-0.18%,26.23K,24/11,
,Sify,1.6,1.6,1.51,0.000,0.00%,26.20K,24/11,
,Stewart Info Services,45.84,46.11,45.56,+0.34,+0.75%,26.08K,24/11,
,Dryworld Brands,0.0092,0.01,0.0083,+0.0010,+12.20%,25.53K,24/11,
,Cass,41.88,42.06,40.91,+0.75,+1.82%,25.43K,24/11,
,Apogee,46.11,46.24,45.76,+0.27,+0.59%,24.95K,24/11,
,American Public Education,6.69,6.95,6.67,+0.02,+0.30%,24.78K,24/11,
,China Automotive,3.59,3.71,3.42,-0.090,-2.45%,24.48K,24/11,
,Bel Fuse B,55.35,55.83,55.01,0.00,0.00%,24.33K,24/11,
,GSI Technology,2.3,2.43,2.25,+0.010,+0.44%,24.30K,24/11,
,Americas Car-Mart,78.52,79.0,76.61,+0.45,+0.58%,23.57K,24/11,
,Columbus McKinnon,35.1,35.21,34.66,+0.36,+1.04%,23.52K,24/11,
,ARCA Biopharma,1.95,1.95,1.86,+0.080,+4.28%,23.51K,24/11,
,Greenlight Capital Re,11.3,11.41,11.1,-0.010,-0.09%,22.92K,24/11,
,Citi Trends,26.44,26.64,25.75,+0.77,+3.00%,22.82K,24/11,
,The First Bancshares,26.23,26.66,26.01,+0.04,+0.15%,22.80K,24/11,
,Computer Task,10.47,10.47,10.45,+0.030,+0.29%,22.68K,24/11,
,Globus Maritime,1.9463,1.95,1.85,+0.0963,+5.21%,21.76K,24/11,
,First Community Bancshares,33.85,34.27,33.33,+0.47,+1.41%,21.44K,24/11,
,Gilat,6.32,6.34,6.22,+0.060,+0.96%,21.05K,24/11,
,Amtech,7.58,7.963,7.57,-0.070,-0.92%,21.01K,24/11,
,Balchem,122.96,123.11,120.81,+1.36,+1.12%,21.01K,24/11,
,Fuel Tech,1.07,1.08,1.04,+0.030,+2.88%,20.98K,24/11,
,Lindsay,121.87,122.71,121.11,+0.46,+0.38%,20.96K,24/11,
,Century Casinos,4.49,4.56,4.4,+0.08,+1.81%,20.89K,24/11,
,Credit Acceptance,435.33,438.26,430.85,+3.39,+0.78%,20.70K,24/11,
,Crumbs,0.0001,0.0001,0.0001,0.0000,0.00%,20.00K,22/11,
,Williams Industrial,0.0003,0.0004,0.0003,0.0000,0.00%,20.00K,24/11,
,CSI Compressco,1.45,1.48,1.45,+0.0100,+0.69%,19.75K,24/11,
,Dorchester Minerals,28.92,29.07,28.64,+0.27,+0.94%,19.48K,24/11,
,American Woodmark,73.65,74.46,73.56,-0.16,-0.22%,19.35K,24/11,
,Bank of Marin,18.98,19.0,18.52,+0.36,+1.93%,18.74K,24/11,
,Addus,88.95,89.36,88.67,+0.19,+0.21%,17.72K,24/11,
,Donegal A,14.41,14.47,14.05,+0.20,+1.41%,17.56K,24/11,
,CBAK Energy,0.82,0.84,0.8,0.000,0.01%,17.17K,24/11,
,GameSquare Holdings,1.48,1.49,1.37,+0.05,+3.50%,16.97K,24/11,
,Bridgeline Digital,0.78,0.789,0.751,+0.020,+2.65%,16.92K,24/11,
,BSQUARE,1.89,1.89,1.88,+0.010,+0.53%,16.92K,24/11,
,CTI Industries,2.82,2.86,2.677,+0.170,+6.42%,16.76K,24/11,
,CNB Financial,20.85,21.09,20.65,+0.14,+0.68%,16.51K,24/11,
,The Hackett,22.67,22.67,22.27,+0.11,+0.49%,16.34K,24/11,
,BancFirst,85.91,86.65,85.35,-0.10,-0.12%,15.82K,24/11,
,Haynes,49.5,49.5,48.68,+0.98,+2.02%,15.64K,24/11,
,Gulf Resources,1.401,1.43,1.35,-0.015,-1.02%,15.62K,24/11,
,Farmers National,12.6,12.6,12.46,+0.14,+1.12%,15.44K,24/11,
,AXT,1.99,2.01,1.98,+0.01,+0.51%,14.94K,24/11,
,Smart Powerr,1.1,1.11,1.05,-0.010,-0.90%,14.79K,24/11,
,eGain,7.63,7.68,7.47,+0.07,+0.93%,14.35K,24/11,
,Citizens Community,10.73,10.98,10.5,-0.13,-1.20%,14.24K,24/11,
,Crown Crafts,4.924,4.95,4.87,+0.054,+1.11%,13.91K,24/11,
,CSP,25.14,25.95,25.03,-0.39,-1.53%,13.77K,24/11,
,Cavco,279.99,280.97,277.3,+1.55,+0.56%,13.65K,24/11,
,Franklin Financial,33.22,33.29,32.7,+0.21,+0.64%,13.61K,24/11,
,City Holding,97.44,98.03,96.86,+0.01,+0.01%,13.58K,24/11,
,Grupo Aeroportuario Sureste ADR,236.67,237.79,235.04,+1.00,+0.42%,13.48K,24/11,
,Forward Industries,0.750249,0.781297,0.7168,+0.030149,+4.19%,13.43K,24/11,
,Coca-Cola Bottling,725.01,734.99,723.99,-3.00,-0.41%,13.40K,24/11,
,Escalade,19.94,20.2,19.72,+0.14,+0.71%,13.20K,24/11,
,Biocept,0.06,0.06,0.045,+0.010,+20.00%,12.91K,24/11,
,Canon ADR,25.23,25.25,24.81,+0.20,+0.81%,12.74K,24/11,
,LB Foster,19.99,20.19,19.89,+0.04,+0.23%,12.70K,24/11,
,Cineverse,1.09,1.09,1.01,+0.0750,+7.39%,12.62K,24/11,
,Allient,26.82,26.95,26.23,+0.46,+1.75%,12.55K,24/11,
,Piper Sandler,152.72,154.63,152.0,+0.10,+0.06%,12.45K,24/11,
,Greystone Housing,16.08,16.256,16.0,+0.064,+0.40%,12.14K,24/11,
,Beasley,0.7309,0.7309,0.7063,+0.0118,+1.64%,12.10K,24/11,
,BG Medicine,0.0,0.0,0.0,0.000,0.00%,12.00K,24/11,
,Artesian,43.37,43.4,42.29,+0.78,+1.83%,11.96K,24/11,
,Covenant,43.24,43.63,43.2,+0.10,+0.23%,11.74K,24/11,
,Allot Communications,1.39,1.39,1.33,+0.03,+2.21%,11.64K,24/11,
,Good Times,2.52,2.61,2.489,+0.040,+1.61%,11.58K,24/11,
,US Gold,3.38,3.45,3.24,+0.14,+4.32%,11.43K,24/11,
,Central Valley Community,17.8,17.8,17.4,+0.23,+1.31%,11.16K,24/11,
,Hovnanian Enterprises,91.02,92.04,90.55,-0.73,-0.80%,11.08K,24/11,
,BOS,2.91,3.105,2.91,-0.128,-4.21%,10.80K,24/11,
,CVD Equipment,4.9,5.0,4.85,-0.060,-1.21%,10.76K,24/11,
,Farmer Bros. Co,2.69,2.73,2.67,+0.06,+2.28%,9.76K,24/11,
,Makita,25.581,25.59,25.225,-0.229,-0.89%,9.49K,24/11,
,Camden,34.0,34.0,33.37,+0.54,+1.61%,9.32K,24/11,
,The Dixie,0.65,0.67,0.629,-0.019,-2.88%,8.99K,24/11,
,American National Bankshares,42.14,42.43,41.78,+0.20,+0.48%,8.85K,24/11,
,Bassett,16.63,16.64,16.2,+0.26,+1.59%,8.71K,24/11,
,Deswell Industries,2.71,2.71,2.64,+0.070,+2.65%,8.70K,24/11,
,Capstone Green Energy,0.25,0.332,0.25,-0.050,-16.57%,8.65K,24/11,
,Hallmark,1.71,1.73,1.52,-0.060,-3.39%,8.63K,24/11,
,CRA,97.07,98.02,97.07,-0.05,-0.05%,8.44K,24/11,
,China Fund,10.32,10.39,10.3,-0.04,-0.34%,8.41K,24/11,
,Colony Bankcorp,10.64,10.76,10.6,-0.03,-0.28%,8.37K,24/11,
,Atlanticuss,31.06,31.08,30.7,+0.15,+0.49%,8.26K,24/11,
,Capital City Bank,27.29,27.57,27.0,+0.24,+0.89%,7.97K,24/11,
,Enterprise,26.78,27.37,26.78,+0.38,+1.44%,7.86K,24/11,
,Civista Bancshares,15.42,15.45,15.26,+0.04,+0.26%,7.81K,24/11,
,Enstar,267.92,268.24,264.5,+1.05,+0.39%,7.80K,24/11,
,Sierra Bancorp,18.45,18.54,18.19,-0.05,-0.27%,7.76K,24/11,
,Community Trust,40.04,40.05,39.5,+0.25,+0.63%,7.46K,24/11,
,Giga Media Ltd,1.4,1.4,1.39,+0.020,+1.45%,7.22K,24/11,
,Kyocera ADR,55.01,55.028,54.938,+0.980,+1.81%,7.20K,24/11,
,Financial Institutions,17.86,18.09,17.79,-0.05,-0.28%,7.14K,24/11,
,Alithya A,1.17,1.2,1.16,-0.010,-0.85%,7.07K,24/11,
,Great Southern Bancorp,52.54,52.66,51.02,+0.83,+1.61%,6.99K,24/11,
,BCB Bancorp,11.57,11.57,11.41,+0.05,+0.43%,6.98K,24/11,
,Gulf Island Fabrication,4.21,4.219,4.12,+0.090,+2.18%,6.92K,24/11,
,AmeriServ,3.0,3.0,2.95,+0.070,+2.39%,6.89K,24/11,
,Escalon Medical Corp,0.245,0.245,0.2,+0.0400,+19.51%,6.82K,24/11,
,First Financial Northwest,11.66,11.66,11.2,+0.63,+5.71%,6.80K,24/11,
,Gravity Co,71.0,71.0,69.46,+0.04,+0.06%,6.67K,24/11,
,CorVel,213.8,214.43,212.57,+1.97,+0.93%,6.55K,24/11,
,Genetic Technologies,0.701,0.73,0.7,+0.001,+0.16%,6.48K,24/11,
,Broadway Financial,7.555,7.68,7.5,+0.015,+0.20%,6.28K,24/11,
,Citizens&Northern,19.67,19.76,19.22,+0.26,+1.34%,6.22K,24/11,
,Consumer Portfolio Services,9.68,9.79,9.47,0.000,0.00%,5.77K,24/11,
,Alico,27.42,27.42,27.1,+0.13,+0.48%,5.67K,24/11,
,Republic First Bancorp,0.083,0.17,0.076,-0.087,-51.00%,5.57K,24/11,
,Aware,1.69,1.69,1.61,+0.090,+5.62%,5.22K,24/11,
,Graham Holdings,625.96,631.78,625.96,-3.29,-0.52%,5.15K,24/11,
,China Green Agriculture,2.4,2.4,2.23,+0.290,+13.75%,4.92K,24/11,
,Orix,91.43,91.43,90.14,+0.54,+0.59%,4.83K,24/11,
,Dawson Geophysical,1.55,1.57,1.5,-0.050,-3.12%,4.63K,24/11,
,Ames,18.67,18.69,18.31,+0.19,+1.03%,4.49K,24/11,
,US Global,3.02,3.063,2.879,+0.070,+2.37%,4.36K,24/11,
,Giga-tronics,0.235,0.235,0.235,+0.045,+23.63%,4.26K,24/11,
,Community West Bancshares,13.85,13.85,13.83,+0.02,+0.14%,4.19K,24/11,
,Data I/O,2.98,3.01,2.97,+0.070,+2.41%,4.07K,24/11,
,ZW Data Action Technologies,0.8501,0.9,0.85,-0.0699,-7.60%,3.83K,24/11,
,Hong Yuan Holding Group,0.029,0.029,0.017,+0.0090,+45.00%,3.80K,22/11,
,ESSA Bancorp,16.65,16.65,16.45,+0.23,+1.40%,3.53K,24/11,
,Scully Royalty,4.66,4.73,4.5,+0.06,+1.20%,3.51K,24/11,
,CF Bankshares,16.49,16.49,16.05,-0.01,-0.06%,3.28K,24/11,
,ACNB,39.36,39.43,38.61,+0.80,+2.07%,3.23K,24/11,
,Codorus Valley,20.5,20.5,20.46,+0.13,+0.64%,3.09K,24/11,
,Home Bancorp,36.83,36.87,36.6,+0.38,+1.04%,3.03K,24/11,
,Gencor,14.83,14.83,14.52,+0.15,+1.02%,3.02K,24/11,
,bebe stores,2.78,2.87,2.78,-0.0900,-3.14%,2.91K,21/11,
,ATRION,304.0,313.24,304.0,+8.57,+2.90%,2.84K,24/11,
,First Community,17.75,17.75,17.69,+0.09,+0.48%,2.84K,24/11,
,C&F Financial,60.35,60.35,59.7,+0.92,+1.55%,2.71K,24/11,
,First Bancorp Inc,24.97,24.97,24.5,+0.09,+0.36%,2.65K,24/11,
,Cumberland,1.724,1.724,1.61,+0.014,+0.82%,2.64K,24/11,
,First Business,34.05,34.28,34.05,-0.23,-0.67%,2.58K,24/11,
,ADDvantage,2.82,2.97,2.742,-0.290,-9.32%,2.55K,24/11,
,Antelope Enterprise Holdings,2.29,2.35,2.055,-0.020,-0.87%,2.42K,24/11,
,ATA,0.96,0.97,0.96,+0.087,+10.01%,2.33K,24/11,
,First United,18.38,18.38,18.06,+0.10,+0.55%,2.33K,24/11,
,Baijiayun,2.1,2.1,2.02,+0.080,+3.96%,2.21K,24/11,
,Oak Ridge,14.6,14.62,14.6,-0.40,-2.67%,2.20K,24/11,
,Greene County,24.66,24.69,24.41,+0.47,+1.94%,2.18K,24/11,
,CDTi Advanced Materials,0.66,0.66,0.65,-0.0200,-2.94%,2.13K,24/11,
,Diamond Hill,161.42,161.42,159.14,+1.35,+0.84%,2.11K,24/11,
,Eagle Montana,11.9,12.0,11.87,0.00,0.00%,2.07K,24/11,
,Arts-Way,2.0,2.0,1.98,-0.010,-0.50%,2.05K,24/11,
,Daily Journal Corp,336.9,336.9,327.0,+12.03,+3.70%,2.02K,24/11,
,Cyanotech,0.748,0.79,0.731,+0.017,+2.30%,2.01K,24/11,
,Astrotech,7.9,7.91,7.55,+0.1300,+1.67%,2.00K,24/11,
,Air T,16.62,16.96,16.3,-0.13,-0.78%,1.77K,24/11,
,LadRx,0.65,0.7,0.65,0.000,0.00%,1.74K,20/11,
,Flexsteel,16.81,17.34,16.81,-0.45,-2.61%,1.71K,24/11,
,Bridgford,10.57,10.57,10.51,+0.03,+0.28%,1.68K,24/11,
,Eastern Co,18.72,19.43,18.72,+0.06,+0.32%,1.63K,24/11,
,ASM ADR,504.01,508.01,501.69,+3.65,+0.73%,1.46K,24/11,
,Digital Ally,2.1,2.15,2.1,-0.0800,-3.67%,1.42K,24/11,
,Atlantic American,1.925,1.93,1.911,-0.005,-0.26%,1.41K,24/11,
,Dynatronics,0.5601,0.5601,0.5596,-0.0297,-5.04%,1.38K,24/11,
,Comstock,4.4,4.4,4.31,+0.050,+1.15%,1.34K,24/11,
,Bel Fuse A,54.98,55.3,54.0,+0.23,+0.42%,1.28K,24/11,
,CBB Bancorp,9.7,9.7,9.7,0.0000,0.00%,1.20K,24/11,
,Engie,16.9699,17.4,16.9699,+0.2799,+1.68%,1.06K,24/11,
,Fanhua,7.02,7.02,7.02,+0.14,+2.03%,1.03K,24/11,
,Stabilis Solutions,4.75,4.75,4.63,+0.280,+6.26%,1.02K,24/11,
,Electro-Sensors,3.89,3.98,3.75,+0.140,+3.73%,1.02K,24/11,
,Exceed Company,0.0,0.0,0.0,0.000,0.00%,1.00K,22/11,
,Elbit Imaging,1.05,1.05,1.05,+0.0000,+0.00%,1.00K,21/11,
,Viewtran,0.0,0.0,0.0,0.000,0.00%,0.99K,20/11,
,Mitsui & Company,730.42,750.12,710.1,+3.07,+0.42%,0.94K,24/11,
,Ark Restaurants,15.64,15.75,15.64,+0.39,+2.56%,0.94K,24/11,
,China Natural Resources,1.69,1.69,1.66,0.0000,0.00%,0.92K,24/11,
,Commercial National Financial,10.27,10.27,10.22,+0.05,+0.49%,0.83K,24/11,
,Donegal B,13.42,13.8,13.42,-0.38,-2.75%,0.77K,24/11,
,Euro Tech,1.46,1.46,1.41,0.000,0.00%,0.73K,24/11,
,First Savings,15.2,15.21,15.11,-0.10,-0.65%,0.59K,24/11,
,AstroNova,14.01,14.01,13.93,+0.04,+0.29%,0.56K,24/11,
,Asia Pacific Wire & Cable,1.44,1.46,1.34,+0.090,+6.67%,0.55K,24/11,
,Canterbury Park,18.88,18.88,18.37,+0.38,+2.05%,0.55K,24/11,
,UTStarcom,3.51,3.51,3.31,+0.0300,+0.86%,0.51K,24/11,
,El Paso Energy Capital Trust I,45.99,45.99,45.99,+0.12,+0.26%,0.41K,24/11,
,FalconStor,1.3,1.59,1.3,+0.020,+1.56%,0.40K,22/11,
,Rm2 International,0.451,0.451,0.451,+0.031,+7.38%,0.38K,24/11,
,Acorda,9.77,9.77,9.77,-0.030,-0.31%,0.36K,24/11,
,ASML Holding,690.9,704.0,681.6,+1.0,+0.14%,0.34K,24/11,
,Airnet Tech,0.6,0.6,0.59,-0.030,-4.76%,0.31K,24/11,
,Internet Initiative Japan ADR,34.59,34.59,34.59,+0.00,+0.00%,0.31K,20/11,
,Glen Burnie,5.38,5.38,5.15,+0.12,+2.28%,0.31K,24/11,
,FFD Financial Corp,27.76,27.76,27.76,-0.24,-0.86%,0.29K,22/11,
,WPF Holdings,16.0,16.0,15.4,+0.6,+3.90%,0.25K,22/11,
,Acura Pharma,0.0,0.0,0.0,0.000,0.00%,0.25K,22/11,
,Regis Resources,1.16,1.16,1.16,+0.00,+0.00%,0.20K,20/11,
,AmTrust Financial,13.9,13.9,13.9,+0.8,+6.11%,0.20K,22/11,
,Emmis Comm,4.87,4.87,4.87,+0.00,+0.00%,0.18K,20/11,
,Citizens,10.34,10.34,10.3,+0.09,+0.83%,0.16K,24/11,
,Bank of South Carolina,12.2,12.2,12.2,+0.00,+0.00%,0.15K,24/11,
,Auburn,20.32,20.64,20.32,+0.03,+0.15%,0.12K,24/11,
,Acorn,7.6,7.6,7.6,-0.1500,-1.94%,0.10K,24/11,
,Hong Kong TV Network,7.09,7.09,7.09,+0.250,+3.65%,0.10K,24/11,
,Steakholder Foods PK,0.001,0.001,0.001,0.0000,0.00%,0.10K,22/11,
,Formula Systems ADR,61.4,61.4,60.62,-0.15,-0.24%,0.09K,24/11,
,First Capital,25.87,25.87,25.87,+0.34,+1.33%,0.07K,24/11,
,Puma SE,60.4,60.4,60.4,+1.15,+1.94%,0.05K,22/11,
,Apollo Bancorp,36.75,36.75,36.75,+0.00,+0.00%,0,02/11,
,VMware,142.52,143.63,142.47,0.00,0.00%,0,21/11,
,Gruma SAB de CV,16.29,16.29,16.29,+0.00,+0.00%,0,08/11,
,Merriman,0.0002,0.0002,0.0002,0.0000,0.00%,0,11/10,
,Wacoal,109.4,111.0,108.89,0.00,0.00%,0,09/11,
,Yandex,18.94,24.05,17.83,0.00,0.00%,0,25/02,
,New Zealand Oil Gas,0.25,0.25,0.25,+0.000,+0.00%,0,21/09,
,Allied Healthcare,0.001,0.001,0.001,0.000,0.00%,0,12/10,
,Aixtron ADR,67.04,67.04,66.98,+0.00,+0.00%,0,22/11,
,Andatee China Marine,0.0,0.0,0.0,0.000,0.00%,0,31/08,
,American Caresource,0.0001,0.0001,0.0001,0.0000,0.00%,0,12/05,
,Anthera Pharma,0.0,0.0,0.0,0.000,0.00%,0,13/11,
,B Communications,3.5,3.5,3.5,0.000,0.00%,0,10/11,
,Bonso Electronics Int,0.909,0.909,0.909,0.000,0.00%,0,07/11,
,Bon-Ton Stores,0.0001,0.0001,0.0001,0.0000,0.00%,0,23/10,
,Biostar Pharma,0.0001,0.0001,0.0001,0.0000,0.00%,0,04/10,
,Burcon NutraScience,0.105,0.105,0.1045,0.0000,0.00%,0,21/11,
,Cache,0.0001,0.0001,0.0001,0.0000,0.00%,0,11/10,
,Cal Coast Industries,0.0,0.0,0.0,0.000,0.00%,0,25/09,
,Statera Biopharma,0.01,0.01,0.01,+0.000,+0.00%,0,03/11,
,CCUR Holdings,3050.0,3050.0,3050.0,0.000,0.00%,0,04/10,
,California First National,16.47,16.47,16.47,+0.00,+0.00%,0,14/11,
,China Techfaith,0.0,0.0,0.0,0.0000,0.00%,0,31/10,
,"RegenETP,",0.0091,0.0091,0.0091,+0.0000,+0.00%,0,22/11,
,Cyren,0.0001,0.0001,0.0001,0.0000,0.00%,0,30/10,
,Dynasil of America,2.6,2.6,2.6,0.000,0.00%,0,06/09,
,Education Management,0.0,0.0,0.0,0.00000,0.00%,0,03/08,
,First Bancshares,22.99,22.99,22.99,0.00,0.00%,0,13/11,
,Global Indemnity,33.31,34.99,33.3,+0.00,+0.00%,0,21/11,
,Ignite Nutra,0.0,0.0,0.0,0.000,0.00%,0,27/10,
,Gyrodyne of America,8.95,8.96,8.95,0.00,0.00%,0,22/11,
